2026-06-06 21:33:02 [INFO] =======================================================
2026-06-06 21:33:02 [INFO]   HAB GROUND STATION — LEAP-HABSAT-01
2026-06-06 21:33:02 [INFO]   MODE     : SIMULATOR
2026-06-06 21:33:02 [INFO]   Firebase : leap-2df27-default-rtdb
2026-06-06 21:33:02 [INFO]   Baud     : 115200
2026-06-06 21:33:02 [INFO]   Log      : C:\HAB\Buffer&Firebase\ground_station.log
2026-06-06 21:33:02 [INFO] =======================================================
2026-06-06 21:33:02 [INFO] SQLite ready — C:\HAB\Buffer&Firebase\telemetry.db
2026-06-06 21:35:33 [INFO] =======================================================
2026-06-06 21:35:33 [INFO]   HAB GROUND STATION — LEAP-HABSAT-01
2026-06-06 21:35:33 [INFO]   MODE     : SIMULATOR
2026-06-06 21:35:33 [INFO]   Firebase : leap-2df27-default-rtdb
2026-06-06 21:35:33 [INFO]   Baud     : 115200
2026-06-06 21:35:33 [INFO]   Log      : C:\HAB\Buffer&Firebase\ground_station.log
2026-06-06 21:35:33 [INFO] =======================================================
2026-06-06 21:35:33 [INFO] SQLite ready — C:\HAB\Buffer&Firebase\telemetry.db
2026-06-06 21:35:33 [INFO] [SIMULATOR] Started
2026-06-06 21:35:33 [INFO] [T2-PARSER] Started
2026-06-06 21:35:33 [INFO] [SIMULATOR] PKT #1 | ALT=339 m
2026-06-06 21:35:33 [INFO] [T3-UPLOADER] Started
2026-06-06 21:35:33 [INFO] All threads running.

2026-06-06 21:35:33 [INFO] [T2-PARSER] PKT #1 | T=24.3°C | P=973.1hPa | ALT=339.4m | H=52.7% | GPS=(19.076339, 72.878039)
2026-06-06 21:35:34 [INFO] [SIMULATOR] PKT #2 | ALT=617 m
2026-06-06 21:35:34 [INFO] [T2-PARSER] PKT #2 | T=23.7°C | P=941.3hPa | ALT=616.6m | H=54.6% | GPS=(19.076617, 72.878317)
2026-06-06 21:35:34 [INFO] [T3-UPLOADER] PKT #1 → Firebase ✓
2026-06-06 21:35:35 [INFO] [SIMULATOR] PKT #3 | ALT=981 m
2026-06-06 21:35:35 [INFO] [T2-PARSER] PKT #3 | T=23.0°C | P=900.8hPa | ALT=981.0m | H=54.4% | GPS=(19.076981, 72.878681)
2026-06-06 21:35:35 [INFO] [T3-UPLOADER] PKT #2 → Firebase ✓
2026-06-06 21:35:36 [INFO] [SIMULATOR] PKT #4 | ALT=1360 m
2026-06-06 21:35:36 [INFO] [T2-PARSER] PKT #4 | T=22.2°C | P=860.2hPa | ALT=1360.1m | H=48.0% | GPS=(19.077360, 72.879060)
2026-06-06 21:35:36 [INFO] [T3-UPLOADER] PKT #3 → Firebase ✓
2026-06-06 21:35:37 [INFO] [SIMULATOR] PKT #5 | ALT=1640 m
2026-06-06 21:35:37 [INFO] [T2-PARSER] PKT #5 | T=21.7°C | P=831.1hPa | ALT=1640.2m | H=57.6% | GPS=(19.077640, 72.879340)
2026-06-06 21:35:37 [INFO] [T3-UPLOADER] PKT #4 → Firebase ✓
2026-06-06 21:35:38 [INFO] [SIMULATOR] PKT #6 | ALT=1918 m
2026-06-06 21:35:38 [INFO] [T2-PARSER] PKT #6 | T=21.1°C | P=803.1hPa | ALT=1917.6m | H=45.1% | GPS=(19.077918, 72.879618)
2026-06-06 21:35:39 [INFO] [T3-UPLOADER] PKT #5 → Firebase ✓
2026-06-06 21:35:39 [INFO] [SIMULATOR] PKT #7 | ALT=2180 m
2026-06-06 21:35:39 [INFO] [T2-PARSER] PKT #7 | T=20.6°C | P=777.4hPa | ALT=2179.7m | H=57.3% | GPS=(19.078180, 72.879880)
2026-06-06 21:35:40 [INFO] [T3-UPLOADER] PKT #6 → Firebase ✓
2026-06-06 21:35:40 [INFO] [SIMULATOR] PKT #8 | ALT=2413 m
2026-06-06 21:35:40 [INFO] [T2-PARSER] PKT #8 | T=20.1°C | P=755.1hPa | ALT=2412.7m | H=48.5% | GPS=(19.078413, 72.880113)
2026-06-06 21:35:41 [INFO] [T3-UPLOADER] PKT #7 → Firebase ✓
2026-06-06 21:35:41 [INFO] [SIMULATOR] PKT #9 | ALT=2639 m
2026-06-06 21:35:41 [INFO] [T2-PARSER] PKT #9 | T=19.7°C | P=733.9hPa | ALT=2638.8m | H=55.4% | GPS=(19.078639, 72.880339)
2026-06-06 21:35:42 [INFO] [SIMULATOR] PKT #10 | ALT=2872 m
2026-06-06 21:35:42 [INFO] [T2-PARSER] PKT #10 | T=19.2°C | P=712.6hPa | ALT=2871.9m | H=62.3% | GPS=(19.078872, 72.880572)
2026-06-06 21:35:43 [INFO] [T3-UPLOADER] PKT #8 → Firebase ✓
2026-06-06 21:35:43 [INFO] [SIMULATOR] PKT #11 | ALT=3257 m
2026-06-06 21:35:43 [INFO] [T2-PARSER] PKT #11 | T=18.4°C | P=678.5hPa | ALT=3256.9m | H=47.8% | GPS=(19.079257, 72.880957)
2026-06-06 21:35:44 [INFO] [SIMULATOR] PKT #12 | ALT=3616 m
2026-06-06 21:35:44 [INFO] [T3-UPLOADER] PKT #9 → Firebase ✓
2026-06-06 21:35:44 [INFO] [T2-PARSER] PKT #12 | T=17.7°C | P=648.0hPa | ALT=3615.5m | H=53.6% | GPS=(19.079616, 72.881316)
2026-06-06 21:35:45 [INFO] [SIMULATOR] PKT #13 | ALT=3964 m
2026-06-06 21:35:45 [INFO] [T2-PARSER] PKT #13 | T=17.0°C | P=619.4hPa | ALT=3963.8m | H=47.4% | GPS=(19.079964, 72.881664)
2026-06-06 21:35:46 [INFO] [T3-UPLOADER] PKT #10 → Firebase ✓
2026-06-06 21:35:46 [INFO] [SIMULATOR] PKT #14 | ALT=4339 m
2026-06-06 21:35:46 [INFO] [T2-PARSER] PKT #14 | T=16.3°C | P=589.7hPa | ALT=4339.3m | H=51.8% | GPS=(19.080339, 72.882039)
2026-06-06 21:35:47 [INFO] [SIMULATOR] PKT #15 | ALT=4557 m
2026-06-06 21:35:47 [INFO] [T2-PARSER] PKT #15 | T=15.8°C | P=573.0hPa | ALT=4556.9m | H=65.3% | GPS=(19.080557, 72.882257)
2026-06-06 21:35:47 [INFO] [T3-UPLOADER] PKT #11 → Firebase ✓
2026-06-06 21:35:48 [INFO] [SIMULATOR] PKT #16 | ALT=4836 m
2026-06-06 21:35:48 [INFO] [T2-PARSER] PKT #16 | T=15.3°C | P=552.2hPa | ALT=4836.1m | H=61.3% | GPS=(19.080836, 72.882536)
2026-06-06 21:35:49 [INFO] [T3-UPLOADER] PKT #12 → Firebase ✓
2026-06-06 21:35:49 [INFO] [SIMULATOR] PKT #17 | ALT=5219 m
2026-06-06 21:35:49 [INFO] [T2-PARSER] PKT #17 | T=14.5°C | P=524.6hPa | ALT=5219.4m | H=63.1% | GPS=(19.081219, 72.882919)
2026-06-06 21:35:50 [INFO] [T3-UPLOADER] PKT #13 → Firebase ✓
2026-06-06 21:35:50 [INFO] [SIMULATOR] PKT #18 | ALT=5438 m
2026-06-06 21:35:50 [INFO] [T2-PARSER] PKT #18 | T=14.1°C | P=509.4hPa | ALT=5437.8m | H=46.9% | GPS=(19.081438, 72.883138)
2026-06-06 21:35:51 [INFO] [SIMULATOR] PKT #19 | ALT=5776 m
2026-06-06 21:35:51 [INFO] [T2-PARSER] PKT #19 | T=13.4°C | P=486.5hPa | ALT=5776.0m | H=66.0% | GPS=(19.081776, 72.883476)
2026-06-06 21:35:52 [INFO] [T3-UPLOADER] PKT #14 → Firebase ✓
2026-06-06 21:35:52 [INFO] [SIMULATOR] PKT #20 | ALT=6022 m
2026-06-06 21:35:52 [INFO] [T2-PARSER] PKT #20 | T=12.9°C | P=470.4hPa | ALT=6022.1m | H=56.7% | GPS=(19.082022, 72.883722)
2026-06-06 21:35:53 [INFO] [SIMULATOR] PKT #21 | ALT=6380 m
2026-06-06 21:35:53 [INFO] [T2-PARSER] PKT #21 | T=12.2°C | P=447.8hPa | ALT=6379.9m | H=53.9% | GPS=(19.082380, 72.884080)
2026-06-06 21:35:53 [INFO] [T3-UPLOADER] PKT #15 → Firebase ✓
2026-06-06 21:35:54 [INFO] [SIMULATOR] PKT #22 | ALT=6604 m
2026-06-06 21:35:54 [INFO] [T2-PARSER] PKT #22 | T=11.7°C | P=434.1hPa | ALT=6604.1m | H=58.8% | GPS=(19.082604, 72.884304)
2026-06-06 21:35:55 [INFO] [T3-UPLOADER] PKT #16 → Firebase ✓
2026-06-06 21:35:55 [INFO] [SIMULATOR] PKT #23 | ALT=6840 m
2026-06-06 21:35:55 [INFO] [T2-PARSER] PKT #23 | T=11.3°C | P=420.0hPa | ALT=6840.0m | H=62.0% | GPS=(19.082840, 72.884540)
2026-06-06 21:35:56 [INFO] [SIMULATOR] PKT #24 | ALT=7099 m
2026-06-06 21:35:56 [INFO] [T2-PARSER] PKT #24 | T=10.8°C | P=405.0hPa | ALT=7098.7m | H=67.6% | GPS=(19.083099, 72.884799)
2026-06-06 21:35:56 [INFO] [T3-UPLOADER] PKT #17 → Firebase ✓
2026-06-06 21:35:57 [INFO] [SIMULATOR] PKT #25 | ALT=7488 m
2026-06-06 21:35:57 [INFO] [T2-PARSER] PKT #25 | T=10.0°C | P=383.2hPa | ALT=7488.2m | H=65.8% | GPS=(19.083488, 72.885188)
2026-06-06 21:35:58 [INFO] [T3-UPLOADER] PKT #18 → Firebase ✓
2026-06-06 21:35:58 [INFO] [SIMULATOR] PKT #26 | ALT=7749 m
2026-06-06 21:35:58 [INFO] [T2-PARSER] PKT #26 | T=9.5°C | P=369.2hPa | ALT=7748.6m | H=49.6% | GPS=(19.083749, 72.885449)
2026-06-06 21:35:59 [INFO] [SIMULATOR] PKT #27 | ALT=7981 m
2026-06-06 21:35:59 [INFO] [T2-PARSER] PKT #27 | T=9.0°C | P=357.0hPa | ALT=7980.6m | H=55.6% | GPS=(19.083981, 72.885681)
2026-06-06 21:36:00 [INFO] [T3-UPLOADER] PKT #19 → Firebase ✓
2026-06-06 21:36:00 [INFO] [SIMULATOR] PKT #28 | ALT=8261 m
2026-06-06 21:36:00 [INFO] [T2-PARSER] PKT #28 | T=8.4°C | P=342.8hPa | ALT=8261.0m | H=70.0% | GPS=(19.084261, 72.885961)
2026-06-06 21:36:01 [INFO] [T3-UPLOADER] PKT #20 → Firebase ✓
2026-06-06 21:36:01 [INFO] [SIMULATOR] PKT #29 | ALT=8596 m
2026-06-06 21:36:01 [INFO] [T2-PARSER] PKT #29 | T=7.8°C | P=326.4hPa | ALT=8595.5m | H=50.4% | GPS=(19.084596, 72.886296)
2026-06-06 21:36:02 [INFO] [SIMULATOR] PKT #30 | ALT=8962 m
2026-06-06 21:36:02 [INFO] [T2-PARSER] PKT #30 | T=7.0°C | P=309.2hPa | ALT=8962.0m | H=57.6% | GPS=(19.084962, 72.886662)
2026-06-06 21:36:02 [INFO] [T3-UPLOADER] PKT #21 → Firebase ✓
2026-06-06 21:36:03 [INFO] [SIMULATOR] PKT #31 | ALT=9261 m
2026-06-06 21:36:03 [INFO] [T2-PARSER] PKT #31 | T=6.4°C | P=295.7hPa | ALT=9260.7m | H=55.6% | GPS=(19.085261, 72.886961)
2026-06-06 21:36:04 [INFO] [T3-UPLOADER] PKT #22 → Firebase ✓
2026-06-06 21:36:04 [INFO] [SIMULATOR] PKT #32 | ALT=9476 m
2026-06-06 21:36:04 [INFO] [T2-PARSER] PKT #32 | T=6.0°C | P=286.3hPa | ALT=9475.7m | H=56.1% | GPS=(19.085476, 72.887176)
2026-06-06 21:36:05 [INFO] [SIMULATOR] PKT #33 | ALT=9745 m
2026-06-06 21:36:05 [INFO] [T2-PARSER] PKT #33 | T=5.5°C | P=274.9hPa | ALT=9745.0m | H=49.5% | GPS=(19.085745, 72.887445)
2026-06-06 21:36:06 [INFO] [T3-UPLOADER] PKT #23 → Firebase ✓
2026-06-06 21:36:06 [INFO] [SIMULATOR] PKT #34 | ALT=10108 m
2026-06-06 21:36:06 [INFO] [T2-PARSER] PKT #34 | T=4.7°C | P=260.1hPa | ALT=10107.7m | H=46.1% | GPS=(19.086108, 72.887808)
2026-06-06 21:36:07 [INFO] [T3-UPLOADER] PKT #24 → Firebase ✓
2026-06-06 21:36:07 [INFO] [SIMULATOR] PKT #35 | ALT=10387 m
2026-06-06 21:36:07 [INFO] [T2-PARSER] PKT #35 | T=4.2°C | P=249.1hPa | ALT=10387.1m | H=52.1% | GPS=(19.086387, 72.888087)
2026-06-06 21:36:08 [INFO] [SIMULATOR] PKT #36 | ALT=10672 m
2026-06-06 21:36:08 [INFO] [T2-PARSER] PKT #36 | T=3.6°C | P=238.3hPa | ALT=10671.9m | H=55.5% | GPS=(19.086672, 72.888372)
2026-06-06 21:36:08 [INFO] [T3-UPLOADER] PKT #25 → Firebase ✓
2026-06-06 21:36:09 [INFO] [SIMULATOR] PKT #37 | ALT=10886 m
2026-06-06 21:36:09 [INFO] [T2-PARSER] PKT #37 | T=3.2°C | P=230.4hPa | ALT=10886.3m | H=48.3% | GPS=(19.086886, 72.888586)
2026-06-06 21:36:10 [INFO] [T3-UPLOADER] PKT #26 → Firebase ✓
2026-06-06 21:36:10 [INFO] [SIMULATOR] PKT #38 | ALT=11211 m
2026-06-06 21:36:10 [INFO] [T2-PARSER] PKT #38 | T=2.5°C | P=218.9hPa | ALT=11211.1m | H=64.9% | GPS=(19.087211, 72.888911)
2026-06-06 21:36:11 [INFO] [SIMULATOR] PKT #39 | ALT=11575 m
2026-06-06 21:36:11 [INFO] [T2-PARSER] PKT #39 | T=1.8°C | P=206.6hPa | ALT=11575.2m | H=68.4% | GPS=(19.087575, 72.889275)
2026-06-06 21:36:12 [INFO] [T3-UPLOADER] PKT #27 → Firebase ✓
2026-06-06 21:36:12 [INFO] [SIMULATOR] PKT #40 | ALT=11821 m
2026-06-06 21:36:13 [INFO] [T2-PARSER] PKT #40 | T=1.3°C | P=198.6hPa | ALT=11821.0m | H=48.4% | GPS=(19.087821, 72.889521)
2026-06-06 21:36:13 [INFO] [SIMULATOR] PKT #41 | ALT=12037 m
2026-06-06 21:36:14 [INFO] [T2-PARSER] PKT #41 | T=0.9°C | P=191.7hPa | ALT=12036.7m | H=48.9% | GPS=(19.088037, 72.889737)
2026-06-06 21:36:14 [INFO] [T3-UPLOADER] PKT #28 → Firebase ✓
2026-06-06 21:36:15 [INFO] [SIMULATOR] PKT #42 | ALT=12419 m
2026-06-06 21:36:15 [INFO] [T2-PARSER] PKT #42 | T=0.1°C | P=180.1hPa | ALT=12419.0m | H=49.5% | GPS=(19.088419, 72.890119)
2026-06-06 21:36:15 [INFO] [T3-UPLOADER] PKT #29 → Firebase ✓
2026-06-06 21:36:16 [INFO] [SIMULATOR] PKT #43 | ALT=12726 m
2026-06-06 21:36:16 [INFO] [T2-PARSER] PKT #43 | T=-0.4°C | P=171.2hPa | ALT=12725.6m | H=65.6% | GPS=(19.088726, 72.890426)
2026-06-06 21:36:16 [INFO] [T3-UPLOADER] PKT #30 → Firebase ✓
2026-06-06 21:36:17 [INFO] [SIMULATOR] PKT #44 | ALT=12942 m
2026-06-06 21:36:17 [INFO] [T2-PARSER] PKT #44 | T=-0.8°C | P=165.1hPa | ALT=12941.5m | H=62.9% | GPS=(19.088942, 72.890642)
2026-06-06 21:36:17 [INFO] [T3-UPLOADER] PKT #31 → Firebase ✓
2026-06-06 21:36:18 [INFO] [SIMULATOR] PKT #45 | ALT=13173 m
2026-06-06 21:36:18 [INFO] [T2-PARSER] PKT #45 | T=-1.3°C | P=158.8hPa | ALT=13173.4m | H=46.5% | GPS=(19.089173, 72.890873)
2026-06-06 21:36:19 [INFO] [SIMULATOR] PKT #46 | ALT=13446 m
2026-06-06 21:36:19 [INFO] [T2-PARSER] PKT #46 | T=-1.8°C | P=151.7hPa | ALT=13445.7m | H=49.7% | GPS=(19.089446, 72.891146)
2026-06-06 21:36:19 [INFO] [T3-UPLOADER] PKT #32 → Firebase ✓
2026-06-06 21:36:20 [INFO] [SIMULATOR] PKT #47 | ALT=13651 m
2026-06-06 21:36:20 [INFO] [T3-UPLOADER] PKT #33 → Firebase ✓
2026-06-06 21:36:20 [INFO] [T2-PARSER] PKT #47 | T=-2.3°C | P=146.4hPa | ALT=13650.5m | H=60.2% | GPS=(19.089651, 72.891351)
2026-06-06 21:36:20 [INFO] [T3-UPLOADER] PKT #34 → Firebase ✓
2026-06-06 21:36:21 [INFO] [SIMULATOR] PKT #48 | ALT=13976 m
2026-06-06 21:36:21 [INFO] [T2-PARSER] PKT #48 | T=-2.9°C | P=138.5hPa | ALT=13975.8m | H=53.8% | GPS=(19.089976, 72.891676)
2026-06-06 21:36:21 [INFO] [T3-UPLOADER] PKT #35 → Firebase ✓
2026-06-06 21:36:22 [INFO] [SIMULATOR] PKT #49 | ALT=14304 m
2026-06-06 21:36:22 [INFO] [T2-PARSER] PKT #49 | T=-3.6°C | P=130.8hPa | ALT=14304.4m | H=61.6% | GPS=(19.090304, 72.892004)
2026-06-06 21:36:23 [INFO] [SIMULATOR] PKT #50 | ALT=14534 m
2026-06-06 21:36:23 [INFO] [T2-PARSER] PKT #50 | T=-4.0°C | P=125.6hPa | ALT=14534.0m | H=54.3% | GPS=(19.090534, 72.892234)
2026-06-06 21:36:23 [INFO] [T3-UPLOADER] PKT #36 → Firebase ✓
2026-06-06 21:36:24 [INFO] [T3-UPLOADER] PKT #37 → Firebase ✓
2026-06-06 21:36:24 [INFO] [SIMULATOR] PKT #51 | ALT=14744 m
2026-06-06 21:36:24 [INFO] [T2-PARSER] PKT #51 | T=-4.4°C | P=121.0hPa | ALT=14744.2m | H=57.0% | GPS=(19.090744, 72.892444)
2026-06-06 21:36:25 [INFO] [SIMULATOR] PKT #52 | ALT=15064 m
2026-06-06 21:36:25 [INFO] [T2-PARSER] PKT #52 | T=-5.1°C | P=114.3hPa | ALT=15063.5m | H=48.3% | GPS=(19.091064, 72.892764)
2026-06-06 21:36:25 [INFO] [T3-UPLOADER] PKT #38 → Firebase ✓
2026-06-06 21:36:26 [INFO] [SIMULATOR] PKT #53 | ALT=15389 m
2026-06-06 21:36:26 [INFO] [T2-PARSER] PKT #53 | T=-5.7°C | P=107.8hPa | ALT=15389.3m | H=65.3% | GPS=(19.091389, 72.893089)
2026-06-06 21:36:26 [INFO] [T3-UPLOADER] PKT #39 → Firebase ✓
2026-06-06 21:36:27 [INFO] [SIMULATOR] PKT #54 | ALT=15716 m
2026-06-06 21:36:27 [INFO] [T2-PARSER] PKT #54 | T=-6.4°C | P=101.5hPa | ALT=15716.3m | H=69.7% | GPS=(19.091716, 72.893416)
2026-06-06 21:36:28 [INFO] [SIMULATOR] PKT #55 | ALT=16044 m
2026-06-06 21:36:28 [INFO] [T2-PARSER] PKT #55 | T=-7.0°C | P=95.6hPa | ALT=16044.1m | H=58.1% | GPS=(19.092044, 72.893744)
2026-06-06 21:36:28 [INFO] [T3-UPLOADER] PKT #40 → Firebase ✓
2026-06-06 21:36:29 [INFO] [SIMULATOR] PKT #56 | ALT=16422 m
2026-06-06 21:36:29 [INFO] [T2-PARSER] PKT #56 | T=-7.8°C | P=89.0hPa | ALT=16422.1m | H=61.9% | GPS=(19.092422, 72.894122)
2026-06-06 21:36:30 [INFO] [SIMULATOR] PKT #57 | ALT=16734 m
2026-06-06 21:36:30 [INFO] [T2-PARSER] PKT #57 | T=-8.4°C | P=83.9hPa | ALT=16734.4m | H=69.2% | GPS=(19.092734, 72.894434)
2026-06-06 21:36:30 [INFO] [T3-UPLOADER] PKT #41 → Firebase ✓
2026-06-06 21:36:31 [INFO] [SIMULATOR] PKT #58 | ALT=17096 m
2026-06-06 21:36:31 [INFO] [T2-PARSER] PKT #58 | T=-9.1°C | P=78.3hPa | ALT=17095.5m | H=52.1% | GPS=(19.093096, 72.894796)
2026-06-06 21:36:31 [INFO] [T3-UPLOADER] PKT #42 → Firebase ✓
2026-06-06 21:36:32 [INFO] [SIMULATOR] PKT #59 | ALT=17310 m
2026-06-06 21:36:32 [INFO] [T2-PARSER] PKT #59 | T=-9.6°C | P=75.1hPa | ALT=17309.5m | H=46.8% | GPS=(19.093310, 72.895010)
2026-06-06 21:36:33 [INFO] [SIMULATOR] PKT #60 | ALT=17622 m
2026-06-06 21:36:33 [INFO] [T2-PARSER] PKT #60 | T=-10.2°C | P=70.7hPa | ALT=17622.3m | H=67.3% | GPS=(19.093622, 72.895322)
2026-06-06 21:36:33 [INFO] [T3-UPLOADER] PKT #43 → Firebase ✓
2026-06-06 21:36:33 [INFO] [STATS] Received: 60 | Parsed: 60 | Uploaded: 43 | Parse errors: 0 | Upload errors: 0
2026-06-06 21:36:34 [INFO] [SIMULATOR] PKT #61 | ALT=17912 m
2026-06-06 21:36:34 [INFO] [T2-PARSER] PKT #61 | T=-10.8°C | P=66.7hPa | ALT=17912.2m | H=56.0% | GPS=(19.093912, 72.895612)
2026-06-06 21:36:34 [INFO] [T3-UPLOADER] PKT #44 → Firebase ✓
2026-06-06 21:36:35 [INFO] [SIMULATOR] PKT #62 | ALT=18172 m
2026-06-06 21:36:35 [INFO] [T2-PARSER] PKT #62 | T=-11.3°C | P=63.4hPa | ALT=18171.9m | H=54.2% | GPS=(19.094172, 72.895872)
2026-06-06 21:36:36 [INFO] [SIMULATOR] PKT #63 | ALT=18454 m
2026-06-06 21:36:36 [INFO] [T2-PARSER] PKT #63 | T=-11.9°C | P=59.9hPa | ALT=18454.3m | H=49.8% | GPS=(19.094454, 72.896154)
2026-06-06 21:36:36 [INFO] [T3-UPLOADER] PKT #45 → Firebase ✓
2026-06-06 21:36:37 [INFO] [SIMULATOR] PKT #64 | ALT=18768 m
2026-06-06 21:36:37 [INFO] [T2-PARSER] PKT #64 | T=-12.5°C | P=56.1hPa | ALT=18768.0m | H=51.2% | GPS=(19.094768, 72.896468)
2026-06-06 21:36:37 [INFO] [T3-UPLOADER] PKT #46 → Firebase ✓
2026-06-06 21:36:38 [INFO] [SIMULATOR] PKT #65 | ALT=18983 m
2026-06-06 21:36:38 [INFO] [T2-PARSER] PKT #65 | T=-12.9°C | P=53.7hPa | ALT=18982.5m | H=61.5% | GPS=(19.094983, 72.896683)
2026-06-06 21:36:39 [INFO] [T3-UPLOADER] PKT #47 → Firebase ✓
2026-06-06 21:36:39 [INFO] [SIMULATOR] PKT #66 | ALT=19250 m
2026-06-06 21:36:39 [INFO] [T2-PARSER] PKT #66 | T=-13.4°C | P=50.8hPa | ALT=19249.5m | H=51.7% | GPS=(19.095250, 72.896950)
2026-06-06 21:36:40 [INFO] [SIMULATOR] PKT #67 | ALT=19542 m
2026-06-06 21:36:40 [INFO] [T2-PARSER] PKT #67 | T=-14.0°C | P=47.8hPa | ALT=19541.8m | H=62.7% | GPS=(19.095542, 72.897242)
2026-06-06 21:36:40 [INFO] [T3-UPLOADER] PKT #48 → Firebase ✓
2026-06-06 21:36:41 [INFO] [SIMULATOR] PKT #68 | ALT=19797 m
2026-06-06 21:36:41 [INFO] [T2-PARSER] PKT #68 | T=-14.5°C | P=45.2hPa | ALT=19797.2m | H=56.0% | GPS=(19.095797, 72.897497)
2026-06-06 21:36:42 [INFO] [T3-UPLOADER] PKT #49 → Firebase ✓
2026-06-06 21:36:42 [INFO] [SIMULATOR] PKT #69 | ALT=20145 m
2026-06-06 21:36:42 [INFO] [T2-PARSER] PKT #69 | T=-15.2°C | P=42.0hPa | ALT=20145.3m | H=49.3% | GPS=(19.096145, 72.897845)
2026-06-06 21:36:43 [INFO] [SIMULATOR] PKT #70 | ALT=20489 m
2026-06-06 21:36:43 [INFO] [T2-PARSER] PKT #70 | T=-15.9°C | P=38.9hPa | ALT=20489.3m | H=67.8% | GPS=(19.096489, 72.898189)
2026-06-06 21:36:43 [INFO] [T3-UPLOADER] PKT #50 → Firebase ✓
2026-06-06 21:36:44 [INFO] [SIMULATOR] PKT #71 | ALT=20760 m
2026-06-06 21:36:44 [INFO] [T2-PARSER] PKT #71 | T=-16.5°C | P=36.6hPa | ALT=20760.2m | H=49.1% | GPS=(19.096760, 72.898460)
2026-06-06 21:36:44 [INFO] [T3-UPLOADER] PKT #51 → Firebase ✓
2026-06-06 21:36:45 [INFO] [SIMULATOR] PKT #72 | ALT=20973 m
2026-06-06 21:36:45 [INFO] [T2-PARSER] PKT #72 | T=-16.9°C | P=34.9hPa | ALT=20973.4m | H=58.0% | GPS=(19.096973, 72.898673)
2026-06-06 21:36:46 [INFO] [SIMULATOR] PKT #73 | ALT=21249 m
2026-06-06 21:36:46 [INFO] [T2-PARSER] PKT #73 | T=-17.4°C | P=32.8hPa | ALT=21249.4m | H=47.0% | GPS=(19.097249, 72.898949)
2026-06-06 21:36:46 [INFO] [T3-UPLOADER] PKT #52 → Firebase ✓
2026-06-06 21:36:47 [INFO] [SIMULATOR] PKT #74 | ALT=21489 m
2026-06-06 21:36:47 [INFO] [T2-PARSER] PKT #74 | T=-17.9°C | P=31.1hPa | ALT=21488.9m | H=67.2% | GPS=(19.097489, 72.899189)
2026-06-06 21:36:47 [INFO] [T3-UPLOADER] PKT #53 → Firebase ✓
2026-06-06 21:36:48 [INFO] [SIMULATOR] PKT #75 | ALT=21752 m
2026-06-06 21:36:48 [INFO] [T2-PARSER] PKT #75 | T=-18.5°C | P=29.2hPa | ALT=21752.0m | H=65.6% | GPS=(19.097752, 72.899452)
2026-06-06 21:36:49 [INFO] [SIMULATOR] PKT #76 | ALT=22091 m
2026-06-06 21:36:49 [INFO] [T3-UPLOADER] PKT #54 → Firebase ✓
2026-06-06 21:36:49 [INFO] [T2-PARSER] PKT #76 | T=-19.1°C | P=27.0hPa | ALT=22090.9m | H=56.2% | GPS=(19.098091, 72.899791)
2026-06-06 21:36:50 [INFO] [SIMULATOR] PKT #77 | ALT=22477 m
2026-06-06 21:36:50 [INFO] [T2-PARSER] PKT #77 | T=-19.9°C | P=24.6hPa | ALT=22477.1m | H=61.2% | GPS=(19.098477, 72.900177)
2026-06-06 21:36:50 [INFO] [T3-UPLOADER] PKT #55 → Firebase ✓
2026-06-06 21:36:51 [INFO] [SIMULATOR] PKT #78 | ALT=22845 m
2026-06-06 21:36:51 [INFO] [T2-PARSER] PKT #78 | T=-20.6°C | P=22.5hPa | ALT=22844.5m | H=45.7% | GPS=(19.098845, 72.900545)
2026-06-06 21:36:52 [INFO] [T3-UPLOADER] PKT #56 → Firebase ✓
2026-06-06 21:36:52 [INFO] [SIMULATOR] PKT #79 | ALT=23047 m
2026-06-06 21:36:52 [INFO] [T2-PARSER] PKT #79 | T=-21.0°C | P=21.4hPa | ALT=23047.2m | H=63.8% | GPS=(19.099047, 72.900747)
2026-06-06 21:36:53 [INFO] [SIMULATOR] PKT #80 | ALT=23403 m
2026-06-06 21:36:53 [INFO] [T2-PARSER] PKT #80 | T=-21.8°C | P=19.6hPa | ALT=23402.9m | H=64.3% | GPS=(19.099403, 72.901103)
2026-06-06 21:36:53 [INFO] [T3-UPLOADER] PKT #57 → Firebase ✓
2026-06-06 21:36:54 [INFO] [SIMULATOR] PKT #81 | ALT=23739 m
2026-06-06 21:36:54 [INFO] [T2-PARSER] PKT #81 | T=-22.4°C | P=18.0hPa | ALT=23738.9m | H=52.6% | GPS=(19.099739, 72.901439)
2026-06-06 21:36:54 [INFO] [T3-UPLOADER] PKT #58 → Firebase ✓
2026-06-06 21:36:55 [INFO] [SIMULATOR] PKT #82 | ALT=24073 m
2026-06-06 21:36:55 [INFO] [T2-PARSER] PKT #82 | T=-23.1°C | P=16.5hPa | ALT=24073.4m | H=62.6% | GPS=(19.100073, 72.901773)
2026-06-06 21:36:56 [INFO] [T3-UPLOADER] PKT #59 → Firebase ✓
2026-06-06 21:36:56 [INFO] [SIMULATOR] PKT #83 | ALT=24302 m
2026-06-06 21:36:56 [INFO] [T2-PARSER] PKT #83 | T=-23.6°C | P=15.6hPa | ALT=24302.4m | H=59.4% | GPS=(19.100302, 72.902002)
2026-06-06 21:36:57 [INFO] [SIMULATOR] PKT #84 | ALT=24612 m
2026-06-06 21:36:57 [INFO] [T2-PARSER] PKT #84 | T=-24.2°C | P=14.3hPa | ALT=24612.3m | H=50.2% | GPS=(19.100612, 72.902312)
2026-06-06 21:36:57 [INFO] [T3-UPLOADER] PKT #60 → Firebase ✓
2026-06-06 21:36:58 [INFO] [SIMULATOR] PKT #85 | ALT=24861 m
2026-06-06 21:36:58 [INFO] [T2-PARSER] PKT #85 | T=-24.7°C | P=13.4hPa | ALT=24860.9m | H=45.6% | GPS=(19.100861, 72.902561)
2026-06-06 21:36:59 [INFO] [T3-UPLOADER] PKT #61 → Firebase ✓
2026-06-06 21:36:59 [INFO] [SIMULATOR] PKT #86 | ALT=25197 m
2026-06-06 21:36:59 [INFO] [T2-PARSER] PKT #86 | T=-25.3°C | P=12.2hPa | ALT=25197.4m | H=58.0% | GPS=(19.101197, 72.902897)
2026-06-06 21:37:00 [INFO] [SIMULATOR] PKT #87 | ALT=25554 m
2026-06-06 21:37:00 [INFO] [T2-PARSER] PKT #87 | T=-26.1°C | P=11.1hPa | ALT=25553.6m | H=53.3% | GPS=(19.101554, 72.903254)
2026-06-06 21:37:00 [INFO] [T3-UPLOADER] PKT #62 → Firebase ✓
2026-06-06 21:37:01 [INFO] [SIMULATOR] PKT #88 | ALT=25872 m
2026-06-06 21:37:01 [INFO] [T2-PARSER] PKT #88 | T=-26.7°C | P=10.1hPa | ALT=25872.4m | H=50.5% | GPS=(19.101872, 72.903572)
2026-06-06 21:37:02 [INFO] [T3-UPLOADER] PKT #63 → Firebase ✓
2026-06-06 21:37:02 [INFO] [SIMULATOR] PKT #89 | ALT=26110 m
2026-06-06 21:37:02 [INFO] [T2-PARSER] PKT #89 | T=-27.2°C | P=10.0hPa | ALT=26109.5m | H=65.2% | GPS=(19.102110, 72.903810)
2026-06-06 21:37:03 [INFO] [SIMULATOR] PKT #90 | ALT=26418 m
2026-06-06 21:37:03 [INFO] [T2-PARSER] PKT #90 | T=-27.8°C | P=10.0hPa | ALT=26417.5m | H=55.9% | GPS=(19.102418, 72.904118)
2026-06-06 21:37:03 [INFO] [T3-UPLOADER] PKT #64 → Firebase ✓
2026-06-06 21:37:04 [INFO] [SIMULATOR] PKT #91 | ALT=26796 m
2026-06-06 21:37:04 [INFO] [T2-PARSER] PKT #91 | T=-28.5°C | P=10.0hPa | ALT=26795.5m | H=62.8% | GPS=(19.102796, 72.904496)
2026-06-06 21:37:04 [INFO] [T3-UPLOADER] PKT #65 → Firebase ✓
2026-06-06 21:37:05 [INFO] [SIMULATOR] PKT #92 | ALT=27080 m
2026-06-06 21:37:05 [INFO] [T2-PARSER] PKT #92 | T=-29.1°C | P=10.0hPa | ALT=27080.3m | H=46.9% | GPS=(19.103080, 72.904780)
2026-06-06 21:37:06 [INFO] [SIMULATOR] PKT #93 | ALT=27450 m
2026-06-06 21:37:06 [INFO] [T2-PARSER] PKT #93 | T=-29.9°C | P=10.0hPa | ALT=27450.1m | H=54.5% | GPS=(19.103450, 72.905150)
2026-06-06 21:37:06 [INFO] [T3-UPLOADER] PKT #66 → Firebase ✓
2026-06-06 21:37:07 [INFO] [SIMULATOR] PKT #94 | ALT=27721 m
2026-06-06 21:37:07 [INFO] [T2-PARSER] PKT #94 | T=-30.4°C | P=10.0hPa | ALT=27720.9m | H=56.6% | GPS=(19.103721, 72.905421)
2026-06-06 21:37:07 [INFO] [T3-UPLOADER] PKT #67 → Firebase ✓
2026-06-06 21:37:08 [INFO] [SIMULATOR] PKT #95 | ALT=27946 m
2026-06-06 21:37:08 [INFO] [T2-PARSER] PKT #95 | T=-30.8°C | P=10.0hPa | ALT=27945.8m | H=56.7% | GPS=(19.103946, 72.905646)
2026-06-06 21:37:09 [INFO] [T3-UPLOADER] PKT #68 → Firebase ✓
2026-06-06 21:37:09 [INFO] [SIMULATOR] PKT #96 | ALT=28312 m
2026-06-06 21:37:09 [INFO] [T2-PARSER] PKT #96 | T=-31.6°C | P=10.0hPa | ALT=28312.1m | H=60.8% | GPS=(19.104312, 72.906012)
2026-06-06 21:37:10 [INFO] [SIMULATOR] PKT #97 | ALT=28662 m
2026-06-06 21:37:10 [INFO] [T2-PARSER] PKT #97 | T=-32.3°C | P=10.0hPa | ALT=28661.6m | H=53.6% | GPS=(19.104662, 72.906362)
2026-06-06 21:37:10 [INFO] [T3-UPLOADER] PKT #69 → Firebase ✓
2026-06-06 21:37:11 [INFO] [SIMULATOR] PKT #98 | ALT=28937 m
2026-06-06 21:37:11 [INFO] [T2-PARSER] PKT #98 | T=-32.8°C | P=10.0hPa | ALT=28936.9m | H=50.0% | GPS=(19.104937, 72.906637)
2026-06-06 21:37:12 [INFO] [T3-UPLOADER] PKT #70 → Firebase ✓
2026-06-06 21:37:12 [INFO] [SIMULATOR] PKT #99 | ALT=29272 m
2026-06-06 21:37:12 [INFO] [T2-PARSER] PKT #99 | T=-33.5°C | P=10.0hPa | ALT=29271.5m | H=56.2% | GPS=(19.105272, 72.906972)
2026-06-06 21:37:13 [INFO] [SIMULATOR] PKT #100 | ALT=29623 m
2026-06-06 21:37:13 [INFO] [T2-PARSER] PKT #100 | T=-34.2°C | P=10.0hPa | ALT=29622.6m | H=55.8% | GPS=(19.105623, 72.907323)
2026-06-06 21:37:14 [INFO] [T3-UPLOADER] PKT #71 → Firebase ✓
2026-06-06 21:37:14 [INFO] [SIMULATOR] PKT #101 | ALT=29902 m
2026-06-06 21:37:14 [INFO] [T2-PARSER] PKT #101 | T=-34.8°C | P=10.0hPa | ALT=29902.1m | H=53.1% | GPS=(19.105902, 72.907602)
2026-06-06 21:37:15 [INFO] [SIMULATOR] BALLOON BURST @ 30000 m
2026-06-06 21:37:15 [INFO] [SIMULATOR] PKT #102 | ALT=30000 m
2026-06-06 21:37:15 [INFO] [T2-PARSER] PKT #102 | T=-35.0°C | P=10.0hPa | ALT=30000.0m | H=50.2% | GPS=(19.106000, 72.907700)
2026-06-06 21:37:15 [INFO] [T3-UPLOADER] PKT #72 → Firebase ✓
2026-06-06 21:37:16 [INFO] [SIMULATOR] PKT #103 | ALT=29687 m
2026-06-06 21:37:16 [INFO] [T2-PARSER] PKT #103 | T=-34.3°C | P=10.0hPa | ALT=29686.8m | H=55.1% | GPS=(19.105687, 72.907387)
2026-06-06 21:37:17 [INFO] [T3-UPLOADER] PKT #73 → Firebase ✓
2026-06-06 21:37:17 [INFO] [SIMULATOR] PKT #104 | ALT=29240 m
2026-06-06 21:37:17 [INFO] [T2-PARSER] PKT #104 | T=-33.4°C | P=10.0hPa | ALT=29239.5m | H=61.4% | GPS=(19.105240, 72.906940)
2026-06-06 21:37:18 [INFO] [T3-UPLOADER] PKT #74 → Firebase ✓
2026-06-06 21:37:18 [INFO] [SIMULATOR] PKT #105 | ALT=28833 m
2026-06-06 21:37:18 [INFO] [T2-PARSER] PKT #105 | T=-32.6°C | P=10.0hPa | ALT=28833.3m | H=65.3% | GPS=(19.104833, 72.906533)
2026-06-06 21:37:19 [INFO] [T3-UPLOADER] PKT #75 → Firebase ✓
2026-06-06 21:37:19 [INFO] [SIMULATOR] PKT #106 | ALT=28493 m
2026-06-06 21:37:19 [INFO] [T2-PARSER] PKT #106 | T=-31.9°C | P=10.0hPa | ALT=28493.3m | H=63.0% | GPS=(19.104493, 72.906193)
2026-06-06 21:37:20 [INFO] [T3-UPLOADER] PKT #76 → Firebase ✓
2026-06-06 21:37:20 [INFO] [SIMULATOR] PKT #107 | ALT=28034 m
2026-06-06 21:37:20 [INFO] [T2-PARSER] PKT #107 | T=-31.0°C | P=10.0hPa | ALT=28033.6m | H=64.2% | GPS=(19.104034, 72.905734)
2026-06-06 21:37:21 [INFO] [T3-UPLOADER] PKT #77 → Firebase ✓
2026-06-06 21:37:21 [INFO] [SIMULATOR] PKT #108 | ALT=27717 m
2026-06-06 21:37:21 [INFO] [T2-PARSER] PKT #108 | T=-30.4°C | P=10.0hPa | ALT=27716.5m | H=63.1% | GPS=(19.103717, 72.905417)
2026-06-06 21:37:22 [INFO] [T3-UPLOADER] PKT #78 → Firebase ✓
2026-06-06 21:37:22 [INFO] [SIMULATOR] PKT #109 | ALT=27271 m
2026-06-06 21:37:22 [INFO] [T2-PARSER] PKT #109 | T=-29.5°C | P=10.0hPa | ALT=27270.9m | H=48.3% | GPS=(19.103271, 72.904971)
2026-06-06 21:37:23 [INFO] [T3-UPLOADER] PKT #79 → Firebase ✓
2026-06-06 21:37:23 [INFO] [SIMULATOR] PKT #110 | ALT=26994 m
2026-06-06 21:37:23 [INFO] [T2-PARSER] PKT #110 | T=-28.9°C | P=10.0hPa | ALT=26994.4m | H=64.4% | GPS=(19.102994, 72.904694)
2026-06-06 21:37:24 [INFO] [T3-UPLOADER] PKT #80 → Firebase ✓
2026-06-06 21:37:24 [INFO] [SIMULATOR] PKT #111 | ALT=26582 m
2026-06-06 21:37:24 [INFO] [T2-PARSER] PKT #111 | T=-28.1°C | P=10.0hPa | ALT=26582.3m | H=57.7% | GPS=(19.102582, 72.904282)
2026-06-06 21:37:25 [INFO] [T3-UPLOADER] PKT #81 → Firebase ✓
2026-06-06 21:37:25 [INFO] [SIMULATOR] PKT #112 | ALT=26127 m
2026-06-06 21:37:25 [INFO] [T2-PARSER] PKT #112 | T=-27.2°C | P=10.0hPa | ALT=26126.9m | H=58.6% | GPS=(19.102127, 72.903827)
2026-06-06 21:37:26 [INFO] [T3-UPLOADER] PKT #82 → Firebase ✓
2026-06-06 21:37:26 [INFO] [SIMULATOR] PKT #113 | ALT=25701 m
2026-06-06 21:37:26 [INFO] [T2-PARSER] PKT #113 | T=-26.4°C | P=10.6hPa | ALT=25700.7m | H=48.8% | GPS=(19.101701, 72.903401)
2026-06-06 21:37:27 [INFO] [T3-UPLOADER] PKT #83 → Firebase ✓
2026-06-06 21:37:27 [INFO] [SIMULATOR] PKT #114 | ALT=25326 m
2026-06-06 21:37:27 [INFO] [T2-PARSER] PKT #114 | T=-25.6°C | P=11.8hPa | ALT=25325.5m | H=53.8% | GPS=(19.101326, 72.903026)
2026-06-06 21:37:28 [INFO] [T3-UPLOADER] PKT #84 → Firebase ✓
2026-06-06 21:37:28 [INFO] [SIMULATOR] PKT #115 | ALT=24934 m
2026-06-06 21:37:28 [INFO] [T2-PARSER] PKT #115 | T=-24.8°C | P=13.2hPa | ALT=24933.8m | H=58.2% | GPS=(19.100934, 72.902634)
2026-06-06 21:37:29 [INFO] [T3-UPLOADER] PKT #85 → Firebase ✓
2026-06-06 21:37:29 [INFO] [SIMULATOR] PKT #116 | ALT=24451 m
2026-06-06 21:37:29 [INFO] [T2-PARSER] PKT #116 | T=-23.9°C | P=15.0hPa | ALT=24451.3m | H=61.1% | GPS=(19.100451, 72.902151)
2026-06-06 21:37:30 [INFO] [T3-UPLOADER] PKT #86 → Firebase ✓
2026-06-06 21:37:30 [INFO] [SIMULATOR] PKT #117 | ALT=23971 m
2026-06-06 21:37:30 [INFO] [T2-PARSER] PKT #117 | T=-22.9°C | P=17.0hPa | ALT=23971.4m | H=66.7% | GPS=(19.099971, 72.901671)
2026-06-06 21:37:31 [INFO] [T3-UPLOADER] PKT #87 → Firebase ✓
2026-06-06 21:37:31 [INFO] [SIMULATOR] PKT #118 | ALT=23538 m
2026-06-06 21:37:31 [INFO] [T2-PARSER] PKT #118 | T=-22.0°C | P=19.0hPa | ALT=23537.5m | H=65.6% | GPS=(19.099538, 72.901238)
2026-06-06 21:37:32 [INFO] [SIMULATOR] PKT #119 | ALT=23211 m
2026-06-06 21:37:32 [INFO] [T3-UPLOADER] PKT #88 → Firebase ✓
2026-06-06 21:37:32 [INFO] [T2-PARSER] PKT #119 | T=-21.4°C | P=20.6hPa | ALT=23210.7m | H=65.3% | GPS=(19.099211, 72.900911)
2026-06-06 21:37:33 [INFO] [STATS] Received: 119 | Parsed: 119 | Uploaded: 88 | Parse errors: 0 | Upload errors: 0
2026-06-06 21:37:33 [INFO] [SIMULATOR] PKT #120 | ALT=22906 m
2026-06-06 21:37:33 [INFO] [T3-UPLOADER] PKT #89 → Firebase ✓
2026-06-06 21:37:33 [INFO] [T2-PARSER] PKT #120 | T=-20.8°C | P=22.2hPa | ALT=22906.3m | H=52.4% | GPS=(19.098906, 72.900606)
2026-06-06 21:37:34 [INFO] [SIMULATOR] PKT #121 | ALT=22459 m
2026-06-06 21:37:34 [INFO] [T2-PARSER] PKT #121 | T=-19.9°C | P=24.7hPa | ALT=22459.3m | H=54.8% | GPS=(19.098459, 72.900159)
2026-06-06 21:37:34 [INFO] [T3-UPLOADER] PKT #90 → Firebase ✓
2026-06-06 21:37:35 [INFO] [SIMULATOR] PKT #122 | ALT=21999 m
2026-06-06 21:37:35 [INFO] [T2-PARSER] PKT #122 | T=-18.9°C | P=27.6hPa | ALT=21998.8m | H=61.2% | GPS=(19.097999, 72.899699)
2026-06-06 21:37:35 [INFO] [T3-UPLOADER] PKT #91 → Firebase ✓
2026-06-06 21:37:36 [INFO] [SIMULATOR] PKT #123 | ALT=21601 m
2026-06-06 21:37:36 [INFO] [T2-PARSER] PKT #123 | T=-18.2°C | P=30.3hPa | ALT=21601.4m | H=52.8% | GPS=(19.097601, 72.899301)
2026-06-06 21:37:36 [INFO] [T3-UPLOADER] PKT #92 → Firebase ✓
2026-06-06 21:37:37 [INFO] [SIMULATOR] PKT #124 | ALT=21312 m
2026-06-06 21:37:37 [INFO] [T2-PARSER] PKT #124 | T=-17.6°C | P=32.4hPa | ALT=21311.8m | H=51.6% | GPS=(19.097312, 72.899012)
2026-06-06 21:37:37 [INFO] [T3-UPLOADER] PKT #93 → Firebase ✓
2026-06-06 21:37:38 [INFO] [SIMULATOR] PKT #125 | ALT=20944 m
2026-06-06 21:37:38 [INFO] [T2-PARSER] PKT #125 | T=-16.8°C | P=35.2hPa | ALT=20944.2m | H=49.6% | GPS=(19.096944, 72.898644)
2026-06-06 21:37:38 [INFO] [T3-UPLOADER] PKT #94 → Firebase ✓
2026-06-06 21:37:39 [INFO] [T3-UPLOADER] PKT #95 → Firebase ✓
2026-06-06 21:37:39 [INFO] [SIMULATOR] PKT #126 | ALT=20543 m
2026-06-06 21:37:39 [INFO] [T2-PARSER] PKT #126 | T=-16.0°C | P=38.5hPa | ALT=20542.5m | H=50.8% | GPS=(19.096543, 72.898243)
2026-06-06 21:37:40 [INFO] [SIMULATOR] PKT #127 | ALT=20197 m
2026-06-06 21:37:40 [INFO] [T2-PARSER] PKT #127 | T=-15.3°C | P=41.5hPa | ALT=20197.3m | H=68.2% | GPS=(19.096197, 72.897897)
2026-06-06 21:37:40 [INFO] [T3-UPLOADER] PKT #96 → Firebase ✓
2026-06-06 21:37:41 [INFO] [SIMULATOR] PKT #128 | ALT=19732 m
2026-06-06 21:37:41 [INFO] [T2-PARSER] PKT #128 | T=-14.4°C | P=45.9hPa | ALT=19731.8m | H=63.6% | GPS=(19.095732, 72.897432)
2026-06-06 21:37:41 [INFO] [T3-UPLOADER] PKT #97 → Firebase ✓
2026-06-06 21:37:42 [INFO] [SIMULATOR] PKT #129 | ALT=19388 m
2026-06-06 21:37:42 [INFO] [T2-PARSER] PKT #129 | T=-13.7°C | P=49.3hPa | ALT=19387.7m | H=62.2% | GPS=(19.095388, 72.897088)
2026-06-06 21:37:42 [INFO] [T3-UPLOADER] PKT #98 → Firebase ✓
2026-06-06 21:37:43 [INFO] [SIMULATOR] PKT #130 | ALT=19006 m
2026-06-06 21:37:43 [INFO] [T2-PARSER] PKT #130 | T=-13.0°C | P=53.4hPa | ALT=19005.7m | H=69.4% | GPS=(19.095006, 72.896706)
2026-06-06 21:37:44 [INFO] [T3-UPLOADER] PKT #99 → Firebase ✓
2026-06-06 21:37:44 [INFO] [SIMULATOR] PKT #131 | ALT=18597 m
2026-06-06 21:37:44 [INFO] [T2-PARSER] PKT #131 | T=-12.1°C | P=58.1hPa | ALT=18596.7m | H=54.0% | GPS=(19.094597, 72.896297)
2026-06-06 21:37:45 [INFO] [T3-UPLOADER] PKT #100 → Firebase ✓
2026-06-06 21:37:45 [INFO] [SIMULATOR] PKT #132 | ALT=18341 m
2026-06-06 21:37:45 [INFO] [T2-PARSER] PKT #132 | T=-11.6°C | P=61.2hPa | ALT=18341.2m | H=68.0% | GPS=(19.094341, 72.896041)
2026-06-06 21:37:46 [INFO] [T3-UPLOADER] PKT #101 → Firebase ✓
2026-06-06 21:37:46 [INFO] [SIMULATOR] PKT #133 | ALT=17999 m
2026-06-06 21:37:46 [INFO] [T2-PARSER] PKT #133 | T=-10.9°C | P=65.6hPa | ALT=17999.2m | H=65.7% | GPS=(19.093999, 72.895699)
2026-06-06 21:37:46 [INFO] [T3-UPLOADER] PKT #102 → Firebase ✓
2026-06-06 21:37:47 [INFO] [SIMULATOR] PKT #134 | ALT=17616 m
2026-06-06 21:37:47 [INFO] [T2-PARSER] PKT #134 | T=-10.2°C | P=70.8hPa | ALT=17615.7m | H=59.1% | GPS=(19.093616, 72.895316)
2026-06-06 21:37:48 [INFO] [T3-UPLOADER] PKT #103 → Firebase ✓
2026-06-06 21:37:48 [INFO] [SIMULATOR] PKT #135 | ALT=17130 m
2026-06-06 21:37:48 [INFO] [T2-PARSER] PKT #135 | T=-9.2°C | P=77.8hPa | ALT=17129.8m | H=58.3% | GPS=(19.093130, 72.894830)
2026-06-06 21:37:49 [INFO] [T3-UPLOADER] PKT #104 → Firebase ✓
2026-06-06 21:37:49 [INFO] [SIMULATOR] PKT #136 | ALT=16778 m
2026-06-06 21:37:49 [INFO] [T2-PARSER] PKT #136 | T=-8.5°C | P=83.2hPa | ALT=16777.7m | H=69.5% | GPS=(19.092778, 72.894478)
2026-06-06 21:37:50 [INFO] [T3-UPLOADER] PKT #105 → Firebase ✓
2026-06-06 21:37:50 [INFO] [SIMULATOR] PKT #137 | ALT=16280 m
2026-06-06 21:37:50 [INFO] [T2-PARSER] PKT #137 | T=-7.5°C | P=91.4hPa | ALT=16280.4m | H=45.5% | GPS=(19.092280, 72.893980)
2026-06-06 21:37:51 [INFO] [T3-UPLOADER] PKT #106 → Firebase ✓
2026-06-06 21:37:51 [INFO] [SIMULATOR] PKT #138 | ALT=15990 m
2026-06-06 21:37:51 [INFO] [T2-PARSER] PKT #138 | T=-6.9°C | P=96.5hPa | ALT=15990.2m | H=51.9% | GPS=(19.091990, 72.893690)
2026-06-06 21:37:52 [INFO] [T3-UPLOADER] PKT #107 → Firebase ✓
2026-06-06 21:37:52 [INFO] [SIMULATOR] PKT #139 | ALT=15684 m
2026-06-06 21:37:52 [INFO] [T2-PARSER] PKT #139 | T=-6.3°C | P=102.1hPa | ALT=15683.7m | H=50.8% | GPS=(19.091684, 72.893384)
2026-06-06 21:37:53 [INFO] [SIMULATOR] PKT #140 | ALT=15284 m
2026-06-06 21:37:53 [INFO] [T2-PARSER] PKT #140 | T=-5.5°C | P=109.8hPa | ALT=15284.0m | H=63.7% | GPS=(19.091284, 72.892984)
2026-06-06 21:37:54 [INFO] [T3-UPLOADER] PKT #108 → Firebase ✓
2026-06-06 21:37:54 [INFO] [SIMULATOR] PKT #141 | ALT=14927 m
2026-06-06 21:37:54 [INFO] [T2-PARSER] PKT #141 | T=-4.8°C | P=117.1hPa | ALT=14927.2m | H=49.4% | GPS=(19.090927, 72.892627)
2026-06-06 21:37:55 [INFO] [T3-UPLOADER] PKT #109 → Firebase ✓
2026-06-06 21:37:55 [INFO] [SIMULATOR] PKT #142 | ALT=14603 m
2026-06-06 21:37:55 [INFO] [T2-PARSER] PKT #142 | T=-4.2°C | P=124.1hPa | ALT=14602.9m | H=63.7% | GPS=(19.090603, 72.892303)
2026-06-06 21:37:56 [INFO] [SIMULATOR] PKT #143 | ALT=14272 m
2026-06-06 21:37:56 [INFO] [T2-PARSER] PKT #143 | T=-3.5°C | P=131.5hPa | ALT=14271.5m | H=49.2% | GPS=(19.090272, 72.891972)
2026-06-06 21:37:57 [INFO] [T3-UPLOADER] PKT #110 → Firebase ✓
2026-06-06 21:37:57 [INFO] [SIMULATOR] PKT #144 | ALT=13785 m
2026-06-06 21:37:57 [INFO] [T2-PARSER] PKT #144 | T=-2.5°C | P=143.1hPa | ALT=13785.2m | H=60.2% | GPS=(19.089785, 72.891485)
2026-06-06 21:37:58 [INFO] [T3-UPLOADER] PKT #111 → Firebase ✓
2026-06-06 21:37:58 [INFO] [SIMULATOR] PKT #145 | ALT=13336 m
2026-06-06 21:37:58 [INFO] [T2-PARSER] PKT #145 | T=-1.6°C | P=154.5hPa | ALT=13336.0m | H=47.8% | GPS=(19.089336, 72.891036)
2026-06-06 21:37:59 [INFO] [T3-UPLOADER] PKT #112 → Firebase ✓
2026-06-06 21:37:59 [INFO] [SIMULATOR] PKT #146 | ALT=13074 m
2026-06-06 21:37:59 [INFO] [T2-PARSER] PKT #146 | T=-1.1°C | P=161.5hPa | ALT=13074.3m | H=59.0% | GPS=(19.089074, 72.890774)
2026-06-06 21:38:00 [INFO] [SIMULATOR] PKT #147 | ALT=12730 m
2026-06-06 21:38:00 [INFO] [T2-PARSER] PKT #147 | T=-0.4°C | P=171.1hPa | ALT=12729.7m | H=53.7% | GPS=(19.088730, 72.890430)
2026-06-06 21:38:01 [INFO] [T3-UPLOADER] PKT #113 → Firebase ✓
2026-06-06 21:38:01 [INFO] [SIMULATOR] PKT #148 | ALT=12320 m
2026-06-06 21:38:01 [INFO] [T2-PARSER] PKT #148 | T=0.3°C | P=183.1hPa | ALT=12319.9m | H=56.2% | GPS=(19.088320, 72.890020)
2026-06-06 21:38:02 [INFO] [T3-UPLOADER] PKT #114 → Firebase ✓
2026-06-06 21:38:02 [INFO] [SIMULATOR] PKT #149 | ALT=11824 m
2026-06-06 21:38:02 [INFO] [T2-PARSER] PKT #149 | T=1.3°C | P=198.5hPa | ALT=11824.2m | H=51.0% | GPS=(19.087824, 72.889524)
2026-06-06 21:38:03 [INFO] [T3-UPLOADER] PKT #115 → Firebase ✓
2026-06-06 21:38:03 [INFO] [SIMULATOR] PKT #150 | ALT=11458 m
2026-06-06 21:38:03 [INFO] [T2-PARSER] PKT #150 | T=2.0°C | P=210.5hPa | ALT=11458.3m | H=58.9% | GPS=(19.087458, 72.889158)
2026-06-06 21:38:04 [INFO] [T3-UPLOADER] PKT #116 → Firebase ✓
2026-06-06 21:38:04 [INFO] [SIMULATOR] PKT #151 | ALT=11068 m
2026-06-06 21:38:04 [INFO] [T2-PARSER] PKT #151 | T=2.8°C | P=223.9hPa | ALT=11068.0m | H=52.9% | GPS=(19.087068, 72.888768)
2026-06-06 21:38:05 [INFO] [SIMULATOR] PKT #152 | ALT=10702 m
2026-06-06 21:38:05 [INFO] [T3-UPLOADER] PKT #117 → Firebase ✓
2026-06-06 21:38:05 [INFO] [T2-PARSER] PKT #152 | T=3.5°C | P=237.2hPa | ALT=10702.4m | H=46.4% | GPS=(19.086702, 72.888402)
2026-06-06 21:38:06 [INFO] [T3-UPLOADER] PKT #118 → Firebase ✓
2026-06-06 21:38:06 [INFO] [SIMULATOR] PKT #153 | ALT=10314 m
2026-06-06 21:38:06 [INFO] [T2-PARSER] PKT #153 | T=4.3°C | P=251.9hPa | ALT=10314.4m | H=57.7% | GPS=(19.086314, 72.888014)
2026-06-06 21:38:07 [INFO] [T3-UPLOADER] PKT #119 → Firebase ✓
2026-06-06 21:38:07 [INFO] [SIMULATOR] PKT #154 | ALT=9976 m
2026-06-06 21:38:07 [INFO] [T2-PARSER] PKT #154 | T=5.0°C | P=265.4hPa | ALT=9976.0m | H=62.8% | GPS=(19.085976, 72.887676)
2026-06-06 21:38:08 [INFO] [T3-UPLOADER] PKT #120 → Firebase ✓
2026-06-06 21:38:08 [INFO] [SIMULATOR] PKT #155 | ALT=9521 m
2026-06-06 21:38:08 [INFO] [T2-PARSER] PKT #155 | T=5.9°C | P=284.4hPa | ALT=9520.6m | H=62.4% | GPS=(19.085521, 72.887221)
2026-06-06 21:38:09 [INFO] Shutting down...
2026-06-06 21:42:25 [INFO] =======================================================
2026-06-06 21:42:25 [INFO]   HAB GROUND STATION — LEAP-HABSAT-01
2026-06-06 21:42:25 [INFO]   MODE     : SIMULATOR
2026-06-06 21:42:25 [INFO]   Firebase : leap-2df27-default-rtdb
2026-06-06 21:42:25 [INFO]   Baud     : 115200
2026-06-06 21:42:25 [INFO]   Log      : C:\HAB\Buffer&Firebase\ground_station.log
2026-06-06 21:42:25 [INFO] =======================================================
2026-06-06 21:42:25 [INFO] SQLite ready — C:\HAB\Buffer&Firebase\telemetry.db
2026-06-06 21:42:25 [INFO] [SIMULATOR] Started
2026-06-06 21:42:25 [INFO] [T2-PARSER] Started
2026-06-06 21:42:25 [INFO] [SIMULATOR] PKT #1 | ALT=220 m
2026-06-06 21:42:25 [INFO] [T3-UPLOADER] Started
2026-06-06 21:42:25 [INFO] All threads running.

2026-06-06 21:42:25 [INFO] [T2-PARSER] PKT #1 | T=24.5°C | P=987.0hPa | ALT=220.4m | H=45.6% | GPS=(19.076220, 72.877920)
2026-06-06 21:42:26 [INFO] [SIMULATOR] PKT #2 | ALT=507 m
2026-06-06 21:42:26 [INFO] [T2-PARSER] PKT #2 | T=23.9°C | P=953.8hPa | ALT=507.2m | H=55.6% | GPS=(19.076507, 72.878207)
2026-06-06 21:42:26 [INFO] [T3-UPLOADER] PKT #1 → Firebase ✓
2026-06-06 21:42:27 [INFO] [SIMULATOR] PKT #3 | ALT=902 m
2026-06-06 21:42:27 [INFO] [T2-PARSER] PKT #3 | T=23.1°C | P=909.5hPa | ALT=902.1m | H=58.3% | GPS=(19.076902, 72.878602)
2026-06-06 21:42:27 [INFO] [T3-UPLOADER] PKT #2 → Firebase ✓
2026-06-06 21:42:28 [INFO] [SIMULATOR] PKT #4 | ALT=1232 m
2026-06-06 21:42:28 [INFO] [T2-PARSER] PKT #4 | T=22.5°C | P=873.8hPa | ALT=1232.0m | H=68.5% | GPS=(19.077232, 72.878932)
2026-06-06 21:42:29 [INFO] [T3-UPLOADER] PKT #3 → Firebase ✓
2026-06-06 21:42:29 [INFO] [SIMULATOR] PKT #5 | ALT=1546 m
2026-06-06 21:42:29 [INFO] [T2-PARSER] PKT #5 | T=21.9°C | P=840.8hPa | ALT=1545.9m | H=47.3% | GPS=(19.077546, 72.879246)
2026-06-06 21:42:30 [INFO] [T3-UPLOADER] PKT #4 → Firebase ✓
2026-06-06 21:42:30 [INFO] [SIMULATOR] PKT #6 | ALT=1824 m
2026-06-06 21:42:30 [INFO] [T2-PARSER] PKT #6 | T=21.3°C | P=812.5hPa | ALT=1824.2m | H=67.9% | GPS=(19.077824, 72.879524)
2026-06-06 21:42:31 [INFO] [T3-UPLOADER] PKT #5 → Firebase ✓
2026-06-06 21:42:31 [INFO] [SIMULATOR] PKT #7 | ALT=2150 m
2026-06-06 21:42:31 [INFO] [T2-PARSER] PKT #7 | T=20.7°C | P=780.3hPa | ALT=2149.9m | H=49.2% | GPS=(19.078150, 72.879850)
2026-06-06 21:42:32 [INFO] [T3-UPLOADER] PKT #6 → Firebase ✓
2026-06-06 21:42:32 [INFO] [SIMULATOR] PKT #8 | ALT=2531 m
2026-06-06 21:42:32 [INFO] [T2-PARSER] PKT #8 | T=19.9°C | P=743.9hPa | ALT=2531.3m | H=62.5% | GPS=(19.078531, 72.880231)
2026-06-06 21:42:33 [INFO] [T3-UPLOADER] PKT #7 → Firebase ✓
2026-06-06 21:42:33 [INFO] [SIMULATOR] PKT #9 | ALT=2912 m
2026-06-06 21:42:33 [INFO] [T2-PARSER] PKT #9 | T=19.1°C | P=709.0hPa | ALT=2911.5m | H=47.1% | GPS=(19.078912, 72.880612)
2026-06-06 21:42:34 [INFO] [T3-UPLOADER] PKT #8 → Firebase ✓
2026-06-06 21:42:34 [INFO] [SIMULATOR] PKT #10 | ALT=3195 m
2026-06-06 21:42:34 [INFO] [T2-PARSER] PKT #10 | T=18.6°C | P=683.9hPa | ALT=3195.3m | H=52.8% | GPS=(19.079195, 72.880895)
2026-06-06 21:42:35 [INFO] [T3-UPLOADER] PKT #9 → Firebase ✓
2026-06-06 21:42:35 [INFO] [SIMULATOR] PKT #11 | ALT=3467 m
2026-06-06 21:42:35 [INFO] [T2-PARSER] PKT #11 | T=18.0°C | P=660.5hPa | ALT=3467.1m | H=47.9% | GPS=(19.079467, 72.881167)
2026-06-06 21:42:36 [INFO] [T3-UPLOADER] PKT #10 → Firebase ✓
2026-06-06 21:42:36 [INFO] [SIMULATOR] PKT #12 | ALT=3696 m
2026-06-06 21:42:36 [INFO] [T2-PARSER] PKT #12 | T=17.6°C | P=641.2hPa | ALT=3696.1m | H=48.8% | GPS=(19.079696, 72.881396)
2026-06-06 21:42:37 [INFO] [T3-UPLOADER] PKT #11 → Firebase ✓
2026-06-06 21:42:37 [INFO] [SIMULATOR] PKT #13 | ALT=3949 m
2026-06-06 21:42:37 [INFO] [T2-PARSER] PKT #13 | T=17.1°C | P=620.6hPa | ALT=3948.5m | H=59.5% | GPS=(19.079949, 72.881649)
2026-06-06 21:42:38 [INFO] [T3-UPLOADER] PKT #12 → Firebase ✓
2026-06-06 21:42:38 [INFO] [SIMULATOR] PKT #14 | ALT=4246 m
2026-06-06 21:42:38 [INFO] [T2-PARSER] PKT #14 | T=16.5°C | P=597.0hPa | ALT=4245.7m | H=51.4% | GPS=(19.080246, 72.881946)
2026-06-06 21:42:39 [INFO] [T3-UPLOADER] PKT #13 → Firebase ✓
2026-06-06 21:42:39 [INFO] [SIMULATOR] PKT #15 | ALT=4606 m
2026-06-06 21:42:39 [INFO] [T2-PARSER] PKT #15 | T=15.7°C | P=569.3hPa | ALT=4606.0m | H=69.4% | GPS=(19.080606, 72.882306)
2026-06-06 21:42:40 [INFO] [T3-UPLOADER] PKT #14 → Firebase ✓
2026-06-06 21:42:40 [INFO] [SIMULATOR] PKT #16 | ALT=4862 m
2026-06-06 21:42:40 [INFO] [T2-PARSER] PKT #16 | T=15.2°C | P=550.3hPa | ALT=4861.8m | H=47.6% | GPS=(19.080862, 72.882562)
2026-06-06 21:42:41 [INFO] [T3-UPLOADER] PKT #15 → Firebase ✓
2026-06-06 21:42:41 [INFO] [SIMULATOR] PKT #17 | ALT=5084 m
2026-06-06 21:42:41 [INFO] [T2-PARSER] PKT #17 | T=14.8°C | P=534.2hPa | ALT=5083.9m | H=55.6% | GPS=(19.081084, 72.882784)
2026-06-06 21:42:42 [INFO] [T3-UPLOADER] PKT #16 → Firebase ✓
2026-06-06 21:42:42 [INFO] [SIMULATOR] PKT #18 | ALT=5446 m
2026-06-06 21:42:42 [INFO] [T2-PARSER] PKT #18 | T=14.1°C | P=508.9hPa | ALT=5445.5m | H=63.5% | GPS=(19.081446, 72.883146)
2026-06-06 21:42:43 [INFO] [T3-UPLOADER] PKT #17 → Firebase ✓
2026-06-06 21:42:43 [INFO] [SIMULATOR] PKT #19 | ALT=5699 m
2026-06-06 21:42:43 [INFO] [T2-PARSER] PKT #19 | T=13.6°C | P=491.6hPa | ALT=5699.4m | H=63.8% | GPS=(19.081699, 72.883399)
2026-06-06 21:42:44 [INFO] [T3-UPLOADER] PKT #18 → Firebase ✓
2026-06-06 21:42:44 [INFO] [SIMULATOR] PKT #20 | ALT=6026 m
2026-06-06 21:42:44 [INFO] [T2-PARSER] PKT #20 | T=12.9°C | P=470.2hPa | ALT=6026.3m | H=59.2% | GPS=(19.082026, 72.883726)
2026-06-06 21:42:45 [INFO] [T3-UPLOADER] PKT #19 → Firebase ✓
2026-06-06 21:42:45 [INFO] [SIMULATOR] PKT #21 | ALT=6227 m
2026-06-06 21:42:45 [INFO] [T2-PARSER] PKT #21 | T=12.5°C | P=457.4hPa | ALT=6226.9m | H=59.3% | GPS=(19.082227, 72.883927)
2026-06-06 21:42:46 [INFO] [T3-UPLOADER] PKT #20 → Firebase ✓
2026-06-06 21:42:46 [INFO] [SIMULATOR] PKT #22 | ALT=6462 m
2026-06-06 21:42:46 [INFO] [T2-PARSER] PKT #22 | T=12.0°C | P=442.7hPa | ALT=6461.9m | H=65.3% | GPS=(19.082462, 72.884162)
2026-06-06 21:42:47 [INFO] [SIMULATOR] PKT #23 | ALT=6723 m
2026-06-06 21:42:47 [INFO] [T2-PARSER] PKT #23 | T=11.5°C | P=426.9hPa | ALT=6722.6m | H=65.3% | GPS=(19.082723, 72.884423)
2026-06-06 21:42:48 [INFO] [T3-UPLOADER] PKT #21 → Firebase ✓
2026-06-06 21:42:48 [INFO] [SIMULATOR] PKT #24 | ALT=7056 m
2026-06-06 21:42:48 [INFO] [T2-PARSER] PKT #24 | T=10.8°C | P=407.4hPa | ALT=7056.4m | H=46.0% | GPS=(19.083056, 72.884756)
2026-06-06 21:42:49 [INFO] [T3-UPLOADER] PKT #22 → Firebase ✓
2026-06-06 21:42:49 [INFO] [SIMULATOR] PKT #25 | ALT=7339 m
2026-06-06 21:42:49 [INFO] [T2-PARSER] PKT #25 | T=10.3°C | P=391.4hPa | ALT=7339.0m | H=46.8% | GPS=(19.083339, 72.885039)
2026-06-06 21:42:50 [INFO] [T3-UPLOADER] PKT #23 → Firebase ✓
2026-06-06 21:42:50 [INFO] [SIMULATOR] PKT #26 | ALT=7616 m
2026-06-06 21:42:50 [INFO] [T2-PARSER] PKT #26 | T=9.7°C | P=376.3hPa | ALT=7615.5m | H=58.6% | GPS=(19.083616, 72.885316)
2026-06-06 21:42:51 [INFO] [T3-UPLOADER] PKT #24 → Firebase ✓
2026-06-06 21:42:51 [INFO] [SIMULATOR] PKT #27 | ALT=7995 m
2026-06-06 21:42:51 [INFO] [T2-PARSER] PKT #27 | T=9.0°C | P=356.3hPa | ALT=7994.9m | H=58.0% | GPS=(19.083995, 72.885695)
2026-06-06 21:42:52 [INFO] [T3-UPLOADER] PKT #25 → Firebase ✓
2026-06-06 21:42:52 [INFO] [SIMULATOR] PKT #28 | ALT=8363 m
2026-06-06 21:42:52 [INFO] [T2-PARSER] PKT #28 | T=8.2°C | P=337.8hPa | ALT=8362.9m | H=68.5% | GPS=(19.084363, 72.886063)
2026-06-06 21:42:53 [INFO] [T3-UPLOADER] PKT #26 → Firebase ✓
2026-06-06 21:42:53 [INFO] [SIMULATOR] PKT #29 | ALT=8725 m
2026-06-06 21:42:53 [INFO] [T2-PARSER] PKT #29 | T=7.5°C | P=320.3hPa | ALT=8724.9m | H=64.2% | GPS=(19.084725, 72.886425)
2026-06-06 21:42:54 [INFO] [SIMULATOR] PKT #30 | ALT=9096 m
2026-06-06 21:42:54 [INFO] [T3-UPLOADER] PKT #27 → Firebase ✓
2026-06-06 21:42:55 [INFO] [T2-PARSER] PKT #30 | T=6.8°C | P=303.1hPa | ALT=9095.8m | H=70.0% | GPS=(19.085096, 72.886796)
2026-06-06 21:42:56 [INFO] [SIMULATOR] PKT #31 | ALT=9331 m
2026-06-06 21:42:56 [INFO] [T2-PARSER] PKT #31 | T=6.3°C | P=292.6hPa | ALT=9331.2m | H=62.1% | GPS=(19.085331, 72.887031)
2026-06-06 21:42:56 [INFO] [T3-UPLOADER] PKT #28 → Firebase ✓
2026-06-06 21:42:57 [INFO] [SIMULATOR] PKT #32 | ALT=9637 m
2026-06-06 21:42:57 [INFO] [T2-PARSER] PKT #32 | T=5.7°C | P=279.4hPa | ALT=9636.6m | H=66.7% | GPS=(19.085637, 72.887337)
2026-06-06 21:42:58 [INFO] [SIMULATOR] PKT #33 | ALT=9898 m
2026-06-06 21:42:58 [INFO] [T2-PARSER] PKT #33 | T=5.2°C | P=268.6hPa | ALT=9898.1m | H=67.2% | GPS=(19.085898, 72.887598)
2026-06-06 21:42:58 [INFO] [T3-UPLOADER] PKT #29 → Firebase ✓
2026-06-06 21:42:59 [INFO] [SIMULATOR] PKT #34 | ALT=10183 m
2026-06-06 21:42:59 [INFO] [T2-PARSER] PKT #34 | T=4.6°C | P=257.1hPa | ALT=10183.2m | H=67.2% | GPS=(19.086183, 72.887883)
2026-06-06 21:42:59 [INFO] [T3-UPLOADER] PKT #30 → Firebase ✓
2026-06-06 21:43:00 [INFO] [SIMULATOR] PKT #35 | ALT=10519 m
2026-06-06 21:43:00 [INFO] [T2-PARSER] PKT #35 | T=3.9°C | P=244.1hPa | ALT=10518.8m | H=58.7% | GPS=(19.086519, 72.888219)
2026-06-06 21:43:01 [INFO] [SIMULATOR] PKT #36 | ALT=10829 m
2026-06-06 21:43:01 [INFO] [T2-PARSER] PKT #36 | T=3.3°C | P=232.5hPa | ALT=10829.0m | H=46.5% | GPS=(19.086829, 72.888529)
2026-06-06 21:43:01 [INFO] [T3-UPLOADER] PKT #31 → Firebase ✓
2026-06-06 21:43:02 [INFO] [SIMULATOR] PKT #37 | ALT=11154 m
2026-06-06 21:43:02 [INFO] [T2-PARSER] PKT #37 | T=2.6°C | P=220.9hPa | ALT=11153.9m | H=64.3% | GPS=(19.087154, 72.888854)
2026-06-06 21:43:02 [INFO] [T3-UPLOADER] PKT #32 → Firebase ✓
2026-06-06 21:43:03 [INFO] [SIMULATOR] PKT #38 | ALT=11503 m
2026-06-06 21:43:03 [INFO] [T2-PARSER] PKT #38 | T=1.9°C | P=209.0hPa | ALT=11502.9m | H=54.3% | GPS=(19.087503, 72.889203)
2026-06-06 21:43:04 [INFO] [SIMULATOR] PKT #39 | ALT=11825 m
2026-06-06 21:43:04 [INFO] [T2-PARSER] PKT #39 | T=1.3°C | P=198.4hPa | ALT=11825.4m | H=47.5% | GPS=(19.087825, 72.889525)
2026-06-06 21:43:04 [INFO] [T3-UPLOADER] PKT #33 → Firebase ✓
2026-06-06 21:43:05 [INFO] [SIMULATOR] PKT #40 | ALT=12108 m
2026-06-06 21:43:05 [INFO] [T2-PARSER] PKT #40 | T=0.7°C | P=189.5hPa | ALT=12108.2m | H=60.9% | GPS=(19.088108, 72.889808)
2026-06-06 21:43:05 [INFO] [T3-UPLOADER] PKT #34 → Firebase ✓
2026-06-06 21:43:06 [INFO] [SIMULATOR] PKT #41 | ALT=12424 m
2026-06-06 21:43:06 [INFO] [T2-PARSER] PKT #41 | T=0.1°C | P=180.0hPa | ALT=12423.7m | H=54.1% | GPS=(19.088424, 72.890124)
2026-06-06 21:43:07 [INFO] [SIMULATOR] PKT #42 | ALT=12797 m
2026-06-06 21:43:07 [INFO] [T2-PARSER] PKT #42 | T=-0.5°C | P=169.2hPa | ALT=12797.3m | H=64.8% | GPS=(19.088797, 72.890497)
2026-06-06 21:43:07 [INFO] [T3-UPLOADER] PKT #35 → Firebase ✓
2026-06-06 21:43:08 [INFO] [SIMULATOR] PKT #43 | ALT=13048 m
2026-06-06 21:43:08 [INFO] [T2-PARSER] PKT #43 | T=-1.0°C | P=162.2hPa | ALT=13047.5m | H=45.9% | GPS=(19.089048, 72.890748)
2026-06-06 21:43:08 [INFO] [T3-UPLOADER] PKT #36 → Firebase ✓
2026-06-06 21:43:09 [INFO] [SIMULATOR] PKT #44 | ALT=13446 m
2026-06-06 21:43:09 [INFO] [T2-PARSER] PKT #44 | T=-1.8°C | P=151.7hPa | ALT=13445.6m | H=57.4% | GPS=(19.089446, 72.891146)
2026-06-06 21:43:10 [INFO] [SIMULATOR] PKT #45 | ALT=13764 m
2026-06-06 21:43:10 [INFO] [T2-PARSER] PKT #45 | T=-2.5°C | P=143.6hPa | ALT=13763.6m | H=65.3% | GPS=(19.089764, 72.891464)
2026-06-06 21:43:10 [INFO] [T3-UPLOADER] PKT #37 → Firebase ✓
2026-06-06 21:43:11 [INFO] [SIMULATOR] PKT #46 | ALT=13982 m
2026-06-06 21:43:11 [INFO] [T2-PARSER] PKT #46 | T=-2.9°C | P=138.3hPa | ALT=13982.3m | H=68.8% | GPS=(19.089982, 72.891682)
2026-06-06 21:43:11 [INFO] [T3-UPLOADER] PKT #38 → Firebase ✓
2026-06-06 21:43:12 [INFO] [SIMULATOR] PKT #47 | ALT=14282 m
2026-06-06 21:43:12 [INFO] [T2-PARSER] PKT #47 | T=-3.5°C | P=131.3hPa | ALT=14282.1m | H=61.3% | GPS=(19.090282, 72.891982)
2026-06-06 21:43:13 [INFO] [T3-UPLOADER] PKT #39 → Firebase ✓
2026-06-06 21:43:13 [INFO] [SIMULATOR] PKT #48 | ALT=14565 m
2026-06-06 21:43:13 [INFO] [T2-PARSER] PKT #48 | T=-4.1°C | P=124.9hPa | ALT=14565.0m | H=53.9% | GPS=(19.090565, 72.892265)
2026-06-06 21:43:14 [INFO] [SIMULATOR] PKT #49 | ALT=14808 m
2026-06-06 21:43:14 [INFO] [T2-PARSER] PKT #49 | T=-4.6°C | P=119.7hPa | ALT=14808.1m | H=63.3% | GPS=(19.090808, 72.892508)
2026-06-06 21:43:14 [INFO] [T3-UPLOADER] PKT #40 → Firebase ✓
2026-06-06 21:43:15 [INFO] [SIMULATOR] PKT #50 | ALT=15041 m
2026-06-06 21:43:15 [INFO] [T2-PARSER] PKT #50 | T=-5.0°C | P=114.8hPa | ALT=15040.5m | H=50.6% | GPS=(19.091041, 72.892741)
2026-06-06 21:43:16 [INFO] [SIMULATOR] PKT #51 | ALT=15386 m
2026-06-06 21:43:16 [INFO] [T2-PARSER] PKT #51 | T=-5.7°C | P=107.8hPa | ALT=15386.4m | H=46.2% | GPS=(19.091386, 72.893086)
2026-06-06 21:43:16 [INFO] [T3-UPLOADER] PKT #41 → Firebase ✓
2026-06-06 21:43:17 [INFO] [SIMULATOR] PKT #52 | ALT=15696 m
2026-06-06 21:43:17 [INFO] [T2-PARSER] PKT #52 | T=-6.3°C | P=101.9hPa | ALT=15696.2m | H=62.1% | GPS=(19.091696, 72.893396)
2026-06-06 21:43:17 [INFO] [T3-UPLOADER] PKT #42 → Firebase ✓
2026-06-06 21:43:18 [INFO] [SIMULATOR] PKT #53 | ALT=16092 m
2026-06-06 21:43:18 [INFO] [T2-PARSER] PKT #53 | T=-7.1°C | P=94.7hPa | ALT=16091.6m | H=55.8% | GPS=(19.092092, 72.893792)
2026-06-06 21:43:19 [INFO] [SIMULATOR] PKT #54 | ALT=16350 m
2026-06-06 21:43:19 [INFO] [T2-PARSER] PKT #54 | T=-7.6°C | P=90.3hPa | ALT=16349.9m | H=55.5% | GPS=(19.092350, 72.894050)
2026-06-06 21:43:19 [INFO] [T3-UPLOADER] PKT #43 → Firebase ✓
2026-06-06 21:43:20 [INFO] [SIMULATOR] PKT #55 | ALT=16634 m
2026-06-06 21:43:20 [INFO] [T2-PARSER] PKT #55 | T=-8.2°C | P=85.5hPa | ALT=16634.2m | H=67.4% | GPS=(19.092634, 72.894334)
2026-06-06 21:43:21 [INFO] [T3-UPLOADER] PKT #44 → Firebase ✓
2026-06-06 21:43:21 [INFO] [SIMULATOR] PKT #56 | ALT=16996 m
2026-06-06 21:43:21 [INFO] [T2-PARSER] PKT #56 | T=-8.9°C | P=79.8hPa | ALT=16995.7m | H=53.0% | GPS=(19.092996, 72.894696)
2026-06-06 21:43:22 [INFO] [SIMULATOR] PKT #57 | ALT=17277 m
2026-06-06 21:43:22 [INFO] [T2-PARSER] PKT #57 | T=-9.5°C | P=75.6hPa | ALT=17276.8m | H=60.6% | GPS=(19.093277, 72.894977)
2026-06-06 21:43:22 [INFO] [T3-UPLOADER] PKT #45 → Firebase ✓
2026-06-06 21:43:23 [INFO] [SIMULATOR] PKT #58 | ALT=17513 m
2026-06-06 21:43:23 [INFO] [T2-PARSER] PKT #58 | T=-10.0°C | P=72.2hPa | ALT=17512.6m | H=68.3% | GPS=(19.093513, 72.895213)
2026-06-06 21:43:23 [INFO] [T3-UPLOADER] PKT #46 → Firebase ✓
2026-06-06 21:43:24 [INFO] [SIMULATOR] PKT #59 | ALT=17896 m
2026-06-06 21:43:24 [INFO] [T2-PARSER] PKT #59 | T=-10.7°C | P=67.0hPa | ALT=17896.0m | H=58.7% | GPS=(19.093896, 72.895596)
2026-06-06 21:43:25 [INFO] [SIMULATOR] PKT #60 | ALT=18166 m
2026-06-06 21:43:25 [INFO] [T2-PARSER] PKT #60 | T=-11.3°C | P=63.4hPa | ALT=18166.3m | H=53.4% | GPS=(19.094166, 72.895866)
2026-06-06 21:43:25 [INFO] [STATS] Received: 60 | Parsed: 60 | Uploaded: 46 | Parse errors: 0 | Upload errors: 0
2026-06-06 21:43:26 [INFO] [SIMULATOR] PKT #61 | ALT=18458 m
2026-06-06 21:43:26 [INFO] [T2-PARSER] PKT #61 | T=-11.9°C | P=59.8hPa | ALT=18458.2m | H=66.6% | GPS=(19.094458, 72.896158)
2026-06-06 21:43:26 [INFO] [T3-UPLOADER] PKT #47 → Firebase ✓
2026-06-06 21:43:27 [INFO] [SIMULATOR] PKT #62 | ALT=18798 m
2026-06-06 21:43:27 [INFO] [T2-PARSER] PKT #62 | T=-12.5°C | P=55.8hPa | ALT=18797.8m | H=48.3% | GPS=(19.094798, 72.896498)
2026-06-06 21:43:28 [INFO] [T3-UPLOADER] PKT #48 → Firebase ✓
2026-06-06 21:43:28 [INFO] [SIMULATOR] PKT #63 | ALT=19155 m
2026-06-06 21:43:28 [INFO] [T2-PARSER] PKT #63 | T=-13.3°C | P=51.8hPa | ALT=19154.9m | H=61.9% | GPS=(19.095155, 72.896855)
2026-06-06 21:43:29 [INFO] [SIMULATOR] PKT #64 | ALT=19386 m
2026-06-06 21:43:29 [INFO] [T2-PARSER] PKT #64 | T=-13.7°C | P=49.4hPa | ALT=19385.6m | H=67.7% | GPS=(19.095386, 72.897086)
2026-06-06 21:43:29 [INFO] [T3-UPLOADER] PKT #49 → Firebase ✓
2026-06-06 21:43:30 [INFO] [SIMULATOR] PKT #65 | ALT=19727 m
2026-06-06 21:43:30 [INFO] [T2-PARSER] PKT #65 | T=-14.4°C | P=45.9hPa | ALT=19727.4m | H=61.2% | GPS=(19.095727, 72.897427)
2026-06-06 21:43:31 [INFO] [T3-UPLOADER] PKT #50 → Firebase ✓
2026-06-06 21:43:31 [INFO] [SIMULATOR] PKT #66 | ALT=20050 m
2026-06-06 21:43:31 [INFO] [T2-PARSER] PKT #66 | T=-15.0°C | P=42.8hPa | ALT=20049.9m | H=45.3% | GPS=(19.096050, 72.897750)
2026-06-06 21:43:32 [INFO] [SIMULATOR] PKT #67 | ALT=20304 m
2026-06-06 21:43:32 [INFO] [T2-PARSER] PKT #67 | T=-15.6°C | P=40.5hPa | ALT=20303.7m | H=60.2% | GPS=(19.096304, 72.898004)
2026-06-06 21:43:32 [INFO] [T3-UPLOADER] PKT #51 → Firebase ✓
2026-06-06 21:43:33 [INFO] [SIMULATOR] PKT #68 | ALT=20694 m
2026-06-06 21:43:33 [INFO] [T2-PARSER] PKT #68 | T=-16.3°C | P=37.2hPa | ALT=20694.3m | H=65.2% | GPS=(19.096694, 72.898394)
2026-06-06 21:43:34 [INFO] [T3-UPLOADER] PKT #52 → Firebase ✓
2026-06-06 21:43:34 [INFO] [SIMULATOR] PKT #69 | ALT=20932 m
2026-06-06 21:43:34 [INFO] [T2-PARSER] PKT #69 | T=-16.8°C | P=35.3hPa | ALT=20932.0m | H=49.3% | GPS=(19.096932, 72.898632)
2026-06-06 21:43:35 [INFO] [SIMULATOR] PKT #70 | ALT=21310 m
2026-06-06 21:43:35 [INFO] [T2-PARSER] PKT #70 | T=-17.6°C | P=32.4hPa | ALT=21309.6m | H=59.1% | GPS=(19.097310, 72.899010)
2026-06-06 21:43:35 [INFO] [T3-UPLOADER] PKT #53 → Firebase ✓
2026-06-06 21:43:36 [INFO] [SIMULATOR] PKT #71 | ALT=21688 m
2026-06-06 21:43:36 [INFO] [T2-PARSER] PKT #71 | T=-18.3°C | P=29.7hPa | ALT=21687.9m | H=64.9% | GPS=(19.097688, 72.899388)
2026-06-06 21:43:37 [INFO] [T3-UPLOADER] PKT #54 → Firebase ✓
2026-06-06 21:43:37 [INFO] [SIMULATOR] PKT #72 | ALT=21905 m
2026-06-06 21:43:37 [INFO] [T2-PARSER] PKT #72 | T=-18.8°C | P=28.2hPa | ALT=21905.3m | H=46.8% | GPS=(19.097905, 72.899605)
2026-06-06 21:43:38 [INFO] [SIMULATOR] PKT #73 | ALT=22273 m
2026-06-06 21:43:38 [INFO] [T2-PARSER] PKT #73 | T=-19.5°C | P=25.9hPa | ALT=22272.7m | H=68.8% | GPS=(19.098273, 72.899973)
2026-06-06 21:43:38 [INFO] [T3-UPLOADER] PKT #55 → Firebase ✓
2026-06-06 21:43:39 [INFO] [SIMULATOR] PKT #74 | ALT=22598 m
2026-06-06 21:43:39 [INFO] [T2-PARSER] PKT #74 | T=-20.1°C | P=23.9hPa | ALT=22597.8m | H=57.9% | GPS=(19.098598, 72.900298)
2026-06-06 21:43:40 [INFO] [SIMULATOR] PKT #75 | ALT=22944 m
2026-06-06 21:43:40 [INFO] [T2-PARSER] PKT #75 | T=-20.8°C | P=22.0hPa | ALT=22944.3m | H=47.8% | GPS=(19.098944, 72.900644)
2026-06-06 21:43:40 [INFO] [T3-UPLOADER] PKT #56 → Firebase ✓
2026-06-06 21:43:41 [INFO] [SIMULATOR] PKT #76 | ALT=23255 m
2026-06-06 21:43:41 [INFO] [T2-PARSER] PKT #76 | T=-21.5°C | P=20.4hPa | ALT=23254.8m | H=68.8% | GPS=(19.099255, 72.900955)
2026-06-06 21:43:42 [INFO] [T3-UPLOADER] PKT #57 → Firebase ✓
2026-06-06 21:43:42 [INFO] [SIMULATOR] PKT #77 | ALT=23567 m
2026-06-06 21:43:42 [INFO] [T2-PARSER] PKT #77 | T=-22.1°C | P=18.8hPa | ALT=23567.2m | H=65.8% | GPS=(19.099567, 72.901267)
2026-06-06 21:43:43 [INFO] [SIMULATOR] PKT #78 | ALT=23959 m
2026-06-06 21:43:43 [INFO] [T2-PARSER] PKT #78 | T=-22.9°C | P=17.0hPa | ALT=23959.3m | H=49.2% | GPS=(19.099959, 72.901659)
2026-06-06 21:43:43 [INFO] [T3-UPLOADER] PKT #58 → Firebase ✓
2026-06-06 21:43:44 [INFO] [SIMULATOR] PKT #79 | ALT=24295 m
2026-06-06 21:43:44 [INFO] [T2-PARSER] PKT #79 | T=-23.5°C | P=15.6hPa | ALT=24294.9m | H=66.8% | GPS=(19.100295, 72.901995)
2026-06-06 21:43:45 [INFO] [T3-UPLOADER] PKT #59 → Firebase ✓
2026-06-06 21:43:45 [INFO] [SIMULATOR] PKT #80 | ALT=24618 m
2026-06-06 21:43:45 [INFO] [T2-PARSER] PKT #80 | T=-24.2°C | P=14.3hPa | ALT=24618.1m | H=45.7% | GPS=(19.100618, 72.902318)
2026-06-06 21:43:46 [INFO] [SIMULATOR] PKT #81 | ALT=25013 m
2026-06-06 21:43:46 [INFO] [T2-PARSER] PKT #81 | T=-25.0°C | P=12.9hPa | ALT=25013.0m | H=46.9% | GPS=(19.101013, 72.902713)
2026-06-06 21:43:46 [INFO] [T3-UPLOADER] PKT #60 → Firebase ✓
2026-06-06 21:43:47 [INFO] [SIMULATOR] PKT #82 | ALT=25380 m
2026-06-06 21:43:47 [INFO] [T2-PARSER] PKT #82 | T=-25.7°C | P=11.6hPa | ALT=25380.3m | H=65.9% | GPS=(19.101380, 72.903080)
2026-06-06 21:43:48 [INFO] [T3-UPLOADER] PKT #61 → Firebase ✓
2026-06-06 21:43:48 [INFO] [SIMULATOR] PKT #83 | ALT=25630 m
2026-06-06 21:43:48 [INFO] [T2-PARSER] PKT #83 | T=-26.2°C | P=10.9hPa | ALT=25629.5m | H=58.0% | GPS=(19.101630, 72.903330)
2026-06-06 21:43:49 [INFO] [SIMULATOR] PKT #84 | ALT=25961 m
2026-06-06 21:43:49 [INFO] [T2-PARSER] PKT #84 | T=-26.9°C | P=10.0hPa | ALT=25961.2m | H=67.3% | GPS=(19.101961, 72.903661)
2026-06-06 21:43:49 [INFO] [T3-UPLOADER] PKT #62 → Firebase ✓
2026-06-06 21:43:50 [INFO] [SIMULATOR] PKT #85 | ALT=26264 m
2026-06-06 21:43:50 [INFO] [T2-PARSER] PKT #85 | T=-27.5°C | P=10.0hPa | ALT=26264.2m | H=48.4% | GPS=(19.102264, 72.903964)
2026-06-06 21:43:51 [INFO] [T3-UPLOADER] PKT #63 → Firebase ✓
2026-06-06 21:43:51 [INFO] [SIMULATOR] PKT #86 | ALT=26628 m
2026-06-06 21:43:51 [INFO] [T2-PARSER] PKT #86 | T=-28.2°C | P=10.0hPa | ALT=26628.4m | H=52.8% | GPS=(19.102628, 72.904328)
2026-06-06 21:43:52 [INFO] [SIMULATOR] PKT #87 | ALT=27015 m
2026-06-06 21:43:52 [INFO] [T2-PARSER] PKT #87 | T=-29.0°C | P=10.0hPa | ALT=27014.8m | H=67.6% | GPS=(19.103015, 72.904715)
2026-06-06 21:43:52 [INFO] [T3-UPLOADER] PKT #64 → Firebase ✓
2026-06-06 21:43:53 [INFO] [SIMULATOR] PKT #88 | ALT=27403 m
2026-06-06 21:43:53 [INFO] [T2-PARSER] PKT #88 | T=-29.8°C | P=10.0hPa | ALT=27403.4m | H=62.8% | GPS=(19.103403, 72.905103)
2026-06-06 21:43:54 [INFO] [SIMULATOR] PKT #89 | ALT=27620 m
2026-06-06 21:43:54 [INFO] [T2-PARSER] PKT #89 | T=-30.2°C | P=10.0hPa | ALT=27620.3m | H=45.7% | GPS=(19.103620, 72.905320)
2026-06-06 21:43:54 [INFO] [T3-UPLOADER] PKT #65 → Firebase ✓
2026-06-06 21:43:55 [INFO] [SIMULATOR] PKT #90 | ALT=27878 m
2026-06-06 21:43:55 [INFO] [T2-PARSER] PKT #90 | T=-30.7°C | P=10.0hPa | ALT=27877.9m | H=68.4% | GPS=(19.103878, 72.905578)
2026-06-06 21:43:56 [INFO] [T3-UPLOADER] PKT #66 → Firebase ✓
2026-06-06 21:43:56 [INFO] [SIMULATOR] PKT #91 | ALT=28147 m
2026-06-06 21:43:56 [INFO] [T2-PARSER] PKT #91 | T=-31.2°C | P=10.0hPa | ALT=28146.9m | H=49.5% | GPS=(19.104147, 72.905847)
2026-06-06 21:43:57 [INFO] [SIMULATOR] PKT #92 | ALT=28540 m
2026-06-06 21:43:57 [INFO] [T2-PARSER] PKT #92 | T=-32.0°C | P=10.0hPa | ALT=28539.9m | H=57.5% | GPS=(19.104540, 72.906240)
2026-06-06 21:43:57 [INFO] [T3-UPLOADER] PKT #67 → Firebase ✓
2026-06-06 21:43:58 [INFO] [SIMULATOR] PKT #93 | ALT=28782 m
2026-06-06 21:43:58 [INFO] [T2-PARSER] PKT #93 | T=-32.5°C | P=10.0hPa | ALT=28781.7m | H=46.4% | GPS=(19.104782, 72.906482)
2026-06-06 21:43:59 [INFO] [SIMULATOR] PKT #94 | ALT=28992 m
2026-06-06 21:43:59 [INFO] [T2-PARSER] PKT #94 | T=-32.9°C | P=10.0hPa | ALT=28992.3m | H=56.7% | GPS=(19.104992, 72.906692)
2026-06-06 21:44:00 [INFO] [T3-UPLOADER] PKT #68 → Firebase ✓
2026-06-06 21:44:00 [INFO] [SIMULATOR] PKT #95 | ALT=29213 m
2026-06-06 21:44:00 [INFO] [T2-PARSER] PKT #95 | T=-33.4°C | P=10.0hPa | ALT=29212.5m | H=65.5% | GPS=(19.105213, 72.906913)
2026-06-06 21:44:01 [INFO] [T3-UPLOADER] PKT #69 → Firebase ✓
2026-06-06 21:44:01 [INFO] [SIMULATOR] PKT #96 | ALT=29468 m
2026-06-06 21:44:01 [INFO] [T2-PARSER] PKT #96 | T=-33.9°C | P=10.0hPa | ALT=29468.4m | H=46.4% | GPS=(19.105468, 72.907168)
2026-06-06 21:44:02 [INFO] [SIMULATOR] PKT #97 | ALT=29739 m
2026-06-06 21:44:02 [INFO] [T2-PARSER] PKT #97 | T=-34.4°C | P=10.0hPa | ALT=29738.9m | H=59.8% | GPS=(19.105739, 72.907439)
2026-06-06 21:44:02 [INFO] [T3-UPLOADER] PKT #70 → Firebase ✓
2026-06-06 21:44:03 [INFO] [SIMULATOR] BALLOON BURST @ 30000 m
2026-06-06 21:44:03 [INFO] [SIMULATOR] PKT #98 | ALT=30000 m
2026-06-06 21:44:03 [INFO] [T2-PARSER] PKT #98 | T=-35.0°C | P=10.0hPa | ALT=30000.0m | H=69.1% | GPS=(19.106000, 72.907700)
2026-06-06 21:44:04 [INFO] [T3-UPLOADER] PKT #71 → Firebase ✓
2026-06-06 21:44:04 [INFO] [SIMULATOR] PKT #99 | ALT=29534 m
2026-06-06 21:44:04 [INFO] [T2-PARSER] PKT #99 | T=-34.0°C | P=10.0hPa | ALT=29534.1m | H=69.6% | GPS=(19.105534, 72.907234)
2026-06-06 21:44:05 [INFO] [SIMULATOR] PKT #100 | ALT=29052 m
2026-06-06 21:44:05 [INFO] [T2-PARSER] PKT #100 | T=-33.1°C | P=10.0hPa | ALT=29052.2m | H=49.3% | GPS=(19.105052, 72.906752)
2026-06-06 21:44:06 [INFO] [T3-UPLOADER] PKT #72 → Firebase ✓
2026-06-06 21:44:06 [INFO] [SIMULATOR] PKT #101 | ALT=28575 m
2026-06-06 21:44:06 [INFO] [T2-PARSER] PKT #101 | T=-32.1°C | P=10.0hPa | ALT=28574.8m | H=67.5% | GPS=(19.104575, 72.906275)
2026-06-06 21:44:07 [INFO] [T3-UPLOADER] PKT #73 → Firebase ✓
2026-06-06 21:44:07 [INFO] [SIMULATOR] PKT #102 | ALT=28089 m
2026-06-06 21:44:07 [INFO] [T2-PARSER] PKT #102 | T=-31.1°C | P=10.0hPa | ALT=28088.7m | H=50.3% | GPS=(19.104089, 72.905789)
2026-06-06 21:44:08 [INFO] [T3-UPLOADER] PKT #74 → Firebase ✓
2026-06-06 21:44:08 [INFO] [SIMULATOR] PKT #103 | ALT=27594 m
2026-06-06 21:44:08 [INFO] [T2-PARSER] PKT #103 | T=-30.1°C | P=10.0hPa | ALT=27593.5m | H=63.9% | GPS=(19.103594, 72.905294)
2026-06-06 21:44:09 [INFO] [T3-UPLOADER] PKT #75 → Firebase ✓
2026-06-06 21:44:09 [INFO] [SIMULATOR] PKT #104 | ALT=27119 m
2026-06-06 21:44:09 [INFO] [T2-PARSER] PKT #104 | T=-29.2°C | P=10.0hPa | ALT=27119.4m | H=50.2% | GPS=(19.103119, 72.904819)
2026-06-06 21:44:10 [INFO] [T3-UPLOADER] PKT #76 → Firebase ✓
2026-06-06 21:44:10 [INFO] [SIMULATOR] PKT #105 | ALT=26757 m
2026-06-06 21:44:10 [INFO] [T2-PARSER] PKT #105 | T=-28.5°C | P=10.0hPa | ALT=26757.2m | H=50.1% | GPS=(19.102757, 72.904457)
2026-06-06 21:44:11 [INFO] [T3-UPLOADER] PKT #77 → Firebase ✓
2026-06-06 21:44:11 [INFO] [SIMULATOR] PKT #106 | ALT=26311 m
2026-06-06 21:44:11 [INFO] [T2-PARSER] PKT #106 | T=-27.6°C | P=10.0hPa | ALT=26310.7m | H=45.6% | GPS=(19.102311, 72.904011)
2026-06-06 21:44:12 [INFO] [T3-UPLOADER] PKT #78 → Firebase ✓
2026-06-06 21:44:12 [INFO] [SIMULATOR] PKT #107 | ALT=25941 m
2026-06-06 21:44:12 [INFO] [T2-PARSER] PKT #107 | T=-26.8°C | P=10.0hPa | ALT=25940.5m | H=53.8% | GPS=(19.101941, 72.903641)
2026-06-06 21:44:13 [INFO] [T3-UPLOADER] PKT #79 → Firebase ✓
2026-06-06 21:44:13 [INFO] [SIMULATOR] PKT #108 | ALT=25610 m
2026-06-06 21:44:13 [INFO] [T2-PARSER] PKT #108 | T=-26.2°C | P=10.9hPa | ALT=25609.8m | H=63.6% | GPS=(19.101610, 72.903310)
2026-06-06 21:44:14 [INFO] [T3-UPLOADER] PKT #80 → Firebase ✓
2026-06-06 21:44:14 [INFO] [SIMULATOR] PKT #109 | ALT=25306 m
2026-06-06 21:44:14 [INFO] [T2-PARSER] PKT #109 | T=-25.6°C | P=11.9hPa | ALT=25306.3m | H=47.8% | GPS=(19.101306, 72.903006)
2026-06-06 21:44:15 [INFO] [T3-UPLOADER] PKT #81 → Firebase ✓
2026-06-06 21:44:15 [INFO] [SIMULATOR] PKT #110 | ALT=24979 m
2026-06-06 21:44:15 [INFO] [T2-PARSER] PKT #110 | T=-24.9°C | P=13.0hPa | ALT=24978.6m | H=59.7% | GPS=(19.100979, 72.902679)
2026-06-06 21:44:16 [INFO] [T3-UPLOADER] PKT #82 → Firebase ✓
2026-06-06 21:44:16 [INFO] [SIMULATOR] PKT #111 | ALT=24508 m
2026-06-06 21:44:16 [INFO] [T2-PARSER] PKT #111 | T=-24.0°C | P=14.8hPa | ALT=24508.2m | H=53.0% | GPS=(19.100508, 72.902208)
2026-06-06 21:44:17 [INFO] [T3-UPLOADER] PKT #83 → Firebase ✓
2026-06-06 21:44:17 [INFO] [SIMULATOR] PKT #112 | ALT=24142 m
2026-06-06 21:44:17 [INFO] [T2-PARSER] PKT #112 | T=-23.2°C | P=16.2hPa | ALT=24141.7m | H=48.4% | GPS=(19.100142, 72.901842)
2026-06-06 21:44:18 [INFO] [T3-UPLOADER] PKT #84 → Firebase ✓
2026-06-06 21:44:18 [INFO] [SIMULATOR] PKT #113 | ALT=23765 m
2026-06-06 21:44:18 [INFO] [T2-PARSER] PKT #113 | T=-22.5°C | P=17.9hPa | ALT=23764.7m | H=53.0% | GPS=(19.099765, 72.901465)
2026-06-06 21:44:19 [INFO] [T3-UPLOADER] PKT #85 → Firebase ✓
2026-06-06 21:44:19 [INFO] [SIMULATOR] PKT #114 | ALT=23499 m
2026-06-06 21:44:19 [INFO] [T2-PARSER] PKT #114 | T=-21.9°C | P=19.1hPa | ALT=23499.1m | H=57.9% | GPS=(19.099499, 72.901199)
2026-06-06 21:44:20 [INFO] [T3-UPLOADER] PKT #86 → Firebase ✓
2026-06-06 21:44:20 [INFO] [SIMULATOR] PKT #115 | ALT=23125 m
2026-06-06 21:44:20 [INFO] [T2-PARSER] PKT #115 | T=-21.2°C | P=21.0hPa | ALT=23125.2m | H=45.0% | GPS=(19.099125, 72.900825)
2026-06-06 21:44:21 [INFO] [T3-UPLOADER] PKT #87 → Firebase ✓
2026-06-06 21:44:21 [INFO] [SIMULATOR] PKT #116 | ALT=22875 m
2026-06-06 21:44:21 [INFO] [T2-PARSER] PKT #116 | T=-20.7°C | P=22.4hPa | ALT=22875.1m | H=61.0% | GPS=(19.098875, 72.900575)
2026-06-06 21:44:22 [INFO] [T3-UPLOADER] PKT #88 → Firebase ✓
2026-06-06 21:44:22 [INFO] [SIMULATOR] PKT #117 | ALT=22605 m
2026-06-06 21:44:22 [INFO] [T2-PARSER] PKT #117 | T=-20.2°C | P=23.9hPa | ALT=22605.1m | H=65.9% | GPS=(19.098605, 72.900305)
2026-06-06 21:44:23 [INFO] [T3-UPLOADER] PKT #89 → Firebase ✓
2026-06-06 21:44:23 [INFO] [SIMULATOR] PKT #118 | ALT=22350 m
2026-06-06 21:44:23 [INFO] [T2-PARSER] PKT #118 | T=-19.7°C | P=25.4hPa | ALT=22350.2m | H=51.9% | GPS=(19.098350, 72.900050)
2026-06-06 21:44:24 [INFO] [T3-UPLOADER] PKT #90 → Firebase ✓
2026-06-06 21:44:24 [INFO] [SIMULATOR] PKT #119 | ALT=22070 m
2026-06-06 21:44:24 [INFO] [T2-PARSER] PKT #119 | T=-19.1°C | P=27.1hPa | ALT=22070.3m | H=68.8% | GPS=(19.098070, 72.899770)
2026-06-06 21:44:25 [INFO] [T3-UPLOADER] PKT #91 → Firebase ✓
2026-06-06 21:44:25 [INFO] [SIMULATOR] PKT #120 | ALT=21643 m
2026-06-06 21:44:25 [INFO] [T2-PARSER] PKT #120 | T=-18.2°C | P=30.0hPa | ALT=21642.9m | H=60.0% | GPS=(19.097643, 72.899343)
2026-06-06 21:44:25 [INFO] [STATS] Received: 120 | Parsed: 120 | Uploaded: 91 | Parse errors: 0 | Upload errors: 0
2026-06-06 21:44:26 [INFO] [T3-UPLOADER] PKT #92 → Firebase ✓
2026-06-06 21:44:26 [INFO] [SIMULATOR] PKT #121 | ALT=21160 m
2026-06-06 21:44:26 [INFO] [T2-PARSER] PKT #121 | T=-17.3°C | P=33.5hPa | ALT=21160.2m | H=53.0% | GPS=(19.097160, 72.898860)
2026-06-06 21:44:27 [INFO] [T3-UPLOADER] PKT #93 → Firebase ✓
2026-06-06 21:44:27 [INFO] [SIMULATOR] PKT #122 | ALT=20835 m
2026-06-06 21:44:27 [INFO] [T2-PARSER] PKT #122 | T=-16.6°C | P=36.0hPa | ALT=20835.4m | H=52.5% | GPS=(19.096835, 72.898535)
2026-06-06 21:44:28 [INFO] [T3-UPLOADER] PKT #94 → Firebase ✓
2026-06-06 21:44:28 [INFO] [SIMULATOR] PKT #123 | ALT=20344 m
2026-06-06 21:44:28 [INFO] [T2-PARSER] PKT #123 | T=-15.6°C | P=40.2hPa | ALT=20343.9m | H=69.1% | GPS=(19.096344, 72.898044)
2026-06-06 21:44:29 [INFO] [SIMULATOR] PKT #124 | ALT=20028 m
2026-06-06 21:44:29 [INFO] [T2-PARSER] PKT #124 | T=-15.0°C | P=43.0hPa | ALT=20027.7m | H=46.2% | GPS=(19.096028, 72.897728)
2026-06-06 21:44:29 [INFO] [T3-UPLOADER] PKT #95 → Firebase ✓
2026-06-06 21:44:30 [INFO] [SIMULATOR] PKT #125 | ALT=19653 m
2026-06-06 21:44:30 [INFO] [T2-PARSER] PKT #125 | T=-14.3°C | P=46.6hPa | ALT=19652.7m | H=59.8% | GPS=(19.095653, 72.897353)
2026-06-06 21:44:31 [INFO] [T3-UPLOADER] PKT #96 → Firebase ✓
2026-06-06 21:44:31 [INFO] [SIMULATOR] PKT #126 | ALT=19344 m
2026-06-06 21:44:31 [INFO] [T2-PARSER] PKT #126 | T=-13.6°C | P=49.8hPa | ALT=19344.0m | H=55.8% | GPS=(19.095344, 72.897044)
2026-06-06 21:44:32 [INFO] [T3-UPLOADER] PKT #97 → Firebase ✓
2026-06-06 21:44:32 [INFO] [SIMULATOR] PKT #127 | ALT=18928 m
2026-06-06 21:44:32 [INFO] [T2-PARSER] PKT #127 | T=-12.8°C | P=54.3hPa | ALT=18928.4m | H=59.7% | GPS=(19.094928, 72.896628)
2026-06-06 21:44:33 [INFO] [T3-UPLOADER] PKT #98 → Firebase ✓
2026-06-06 21:44:33 [INFO] [SIMULATOR] PKT #128 | ALT=18640 m
2026-06-06 21:44:33 [INFO] [T2-PARSER] PKT #128 | T=-12.2°C | P=57.6hPa | ALT=18640.4m | H=58.4% | GPS=(19.094640, 72.896340)
2026-06-06 21:44:34 [INFO] [T3-UPLOADER] PKT #99 → Firebase ✓
2026-06-06 21:44:34 [INFO] [SIMULATOR] PKT #129 | ALT=18390 m
2026-06-06 21:44:34 [INFO] [T2-PARSER] PKT #129 | T=-11.7°C | P=60.6hPa | ALT=18389.8m | H=67.0% | GPS=(19.094390, 72.896090)
2026-06-06 21:44:35 [INFO] [T3-UPLOADER] PKT #100 → Firebase ✓
2026-06-06 21:44:35 [INFO] [SIMULATOR] PKT #130 | ALT=17966 m
2026-06-06 21:44:35 [INFO] [T2-PARSER] PKT #130 | T=-10.9°C | P=66.0hPa | ALT=17966.0m | H=59.4% | GPS=(19.093966, 72.895666)
2026-06-06 21:44:36 [INFO] [T3-UPLOADER] PKT #101 → Firebase ✓
2026-06-06 21:44:36 [INFO] [SIMULATOR] PKT #131 | ALT=17712 m
2026-06-06 21:44:36 [INFO] [T2-PARSER] PKT #131 | T=-10.4°C | P=69.4hPa | ALT=17712.4m | H=57.6% | GPS=(19.093712, 72.895412)
2026-06-06 21:44:37 [INFO] [SIMULATOR] PKT #132 | ALT=17248 m
2026-06-06 21:44:37 [INFO] [T2-PARSER] PKT #132 | T=-9.4°C | P=76.0hPa | ALT=17247.5m | H=67.4% | GPS=(19.093248, 72.894948)
2026-06-06 21:44:37 [INFO] [T3-UPLOADER] PKT #102 → Firebase ✓
2026-06-06 21:44:38 [INFO] [SIMULATOR] PKT #133 | ALT=16890 m
2026-06-06 21:44:38 [INFO] [T2-PARSER] PKT #133 | T=-8.7°C | P=81.5hPa | ALT=16890.1m | H=50.4% | GPS=(19.092890, 72.894590)
2026-06-06 21:44:39 [INFO] [T3-UPLOADER] PKT #103 → Firebase ✓
2026-06-06 21:44:39 [INFO] [SIMULATOR] PKT #134 | ALT=16408 m
2026-06-06 21:44:39 [INFO] [T2-PARSER] PKT #134 | T=-7.8°C | P=89.3hPa | ALT=16407.8m | H=69.7% | GPS=(19.092408, 72.894108)
2026-06-06 21:44:39 [INFO] [T3-UPLOADER] PKT #104 → Firebase ✓
2026-06-06 21:44:40 [INFO] [SIMULATOR] PKT #135 | ALT=16040 m
2026-06-06 21:44:40 [INFO] [T2-PARSER] PKT #135 | T=-7.0°C | P=95.6hPa | ALT=16039.9m | H=50.6% | GPS=(19.092040, 72.893740)
2026-06-06 21:44:41 [INFO] [T3-UPLOADER] PKT #105 → Firebase ✓
2026-06-06 21:44:41 [INFO] [SIMULATOR] PKT #136 | ALT=15693 m
2026-06-06 21:44:41 [INFO] [T2-PARSER] PKT #136 | T=-6.3°C | P=102.0hPa | ALT=15693.0m | H=61.9% | GPS=(19.091693, 72.893393)
2026-06-06 21:44:41 [INFO] [T3-UPLOADER] PKT #106 → Firebase ✓
2026-06-06 21:44:42 [INFO] [SIMULATOR] PKT #137 | ALT=15358 m
2026-06-06 21:44:42 [INFO] [T2-PARSER] PKT #137 | T=-5.7°C | P=108.4hPa | ALT=15357.5m | H=63.9% | GPS=(19.091358, 72.893058)
2026-06-06 21:44:43 [INFO] [T3-UPLOADER] PKT #107 → Firebase ✓
2026-06-06 21:44:43 [INFO] [SIMULATOR] PKT #138 | ALT=15030 m
2026-06-06 21:44:43 [INFO] [T2-PARSER] PKT #138 | T=-5.0°C | P=115.0hPa | ALT=15030.3m | H=68.4% | GPS=(19.091030, 72.892730)
2026-06-06 21:44:44 [INFO] [SIMULATOR] PKT #139 | ALT=14599 m
2026-06-06 21:44:44 [INFO] [T2-PARSER] PKT #139 | T=-4.1°C | P=124.2hPa | ALT=14598.9m | H=46.6% | GPS=(19.090599, 72.892299)
2026-06-06 21:44:45 [INFO] [T3-UPLOADER] PKT #108 → Firebase ✓
2026-06-06 21:44:45 [INFO] [SIMULATOR] PKT #140 | ALT=14249 m
2026-06-06 21:44:45 [INFO] [T2-PARSER] PKT #140 | T=-3.4°C | P=132.1hPa | ALT=14248.7m | H=63.5% | GPS=(19.090249, 72.891949)
2026-06-06 21:44:46 [INFO] [SIMULATOR] PKT #141 | ALT=13803 m
2026-06-06 21:44:46 [INFO] [T2-PARSER] PKT #141 | T=-2.6°C | P=142.7hPa | ALT=13803.2m | H=57.8% | GPS=(19.089803, 72.891503)
2026-06-06 21:44:47 [INFO] [T3-UPLOADER] PKT #109 → Firebase ✓
2026-06-06 21:44:47 [INFO] [SIMULATOR] PKT #142 | ALT=13492 m
2026-06-06 21:44:47 [INFO] [T2-PARSER] PKT #142 | T=-1.9°C | P=150.5hPa | ALT=13492.2m | H=56.0% | GPS=(19.089492, 72.891192)
2026-06-06 21:44:48 [INFO] [SIMULATOR] PKT #143 | ALT=13129 m
2026-06-06 21:44:48 [INFO] [T2-PARSER] PKT #143 | T=-1.2°C | P=160.0hPa | ALT=13129.1m | H=57.9% | GPS=(19.089129, 72.890829)
2026-06-06 21:44:49 [INFO] [T3-UPLOADER] PKT #110 → Firebase ✓
2026-06-06 21:44:49 [INFO] [SIMULATOR] PKT #144 | ALT=12679 m
2026-06-06 21:44:49 [INFO] [T2-PARSER] PKT #144 | T=-0.3°C | P=172.5hPa | ALT=12679.0m | H=58.8% | GPS=(19.088679, 72.890379)
2026-06-06 21:44:50 [INFO] [T3-UPLOADER] PKT #111 → Firebase ✓
2026-06-06 21:44:50 [INFO] [SIMULATOR] PKT #145 | ALT=12323 m
2026-06-06 21:44:50 [INFO] [T2-PARSER] PKT #145 | T=0.3°C | P=183.0hPa | ALT=12322.9m | H=46.7% | GPS=(19.088323, 72.890023)
2026-06-06 21:44:51 [INFO] [T3-UPLOADER] PKT #112 → Firebase ✓
2026-06-06 21:44:51 [INFO] [SIMULATOR] PKT #146 | ALT=11918 m
2026-06-06 21:44:51 [INFO] [T2-PARSER] PKT #146 | T=1.1°C | P=195.5hPa | ALT=11917.5m | H=47.5% | GPS=(19.087918, 72.889618)
2026-06-06 21:44:52 [INFO] [T3-UPLOADER] PKT #113 → Firebase ✓
2026-06-06 21:44:52 [INFO] [SIMULATOR] PKT #147 | ALT=11581 m
2026-06-06 21:44:52 [INFO] [T2-PARSER] PKT #147 | T=1.8°C | P=206.4hPa | ALT=11581.2m | H=61.0% | GPS=(19.087581, 72.889281)
2026-06-06 21:44:53 [INFO] [T3-UPLOADER] PKT #114 → Firebase ✓
2026-06-06 21:44:53 [INFO] [SIMULATOR] PKT #148 | ALT=11161 m
2026-06-06 21:44:53 [INFO] [T2-PARSER] PKT #148 | T=2.6°C | P=220.7hPa | ALT=11160.8m | H=61.2% | GPS=(19.087161, 72.888861)
2026-06-06 21:44:54 [INFO] [T3-UPLOADER] PKT #115 → Firebase ✓
2026-06-06 21:44:54 [INFO] [SIMULATOR] PKT #149 | ALT=10662 m
2026-06-06 21:44:54 [INFO] [T2-PARSER] PKT #149 | T=3.6°C | P=238.7hPa | ALT=10662.4m | H=52.4% | GPS=(19.086662, 72.888362)
2026-06-06 21:44:55 [INFO] [T3-UPLOADER] PKT #116 → Firebase ✓
2026-06-06 21:44:55 [INFO] [SIMULATOR] PKT #150 | ALT=10273 m
2026-06-06 21:44:55 [INFO] [T2-PARSER] PKT #150 | T=4.4°C | P=253.5hPa | ALT=10273.4m | H=61.9% | GPS=(19.086273, 72.887973)
2026-06-06 21:44:56 [INFO] [T3-UPLOADER] PKT #117 → Firebase ✓
2026-06-06 21:44:56 [INFO] [SIMULATOR] PKT #151 | ALT=9857 m
2026-06-06 21:44:56 [INFO] [T2-PARSER] PKT #151 | T=5.2°C | P=270.2hPa | ALT=9857.1m | H=61.2% | GPS=(19.085857, 72.887557)
2026-06-06 21:44:57 [INFO] [T3-UPLOADER] PKT #118 → Firebase ✓
2026-06-06 21:44:57 [INFO] [SIMULATOR] PKT #152 | ALT=9364 m
2026-06-06 21:44:57 [INFO] [T2-PARSER] PKT #152 | T=6.2°C | P=291.2hPa | ALT=9363.8m | H=61.9% | GPS=(19.085364, 72.887064)
2026-06-06 21:44:58 [INFO] [SIMULATOR] PKT #153 | ALT=9044 m
2026-06-06 21:44:58 [INFO] [T2-PARSER] PKT #153 | T=6.9°C | P=305.4hPa | ALT=9044.2m | H=52.0% | GPS=(19.085044, 72.886744)
2026-06-06 21:44:59 [INFO] [T3-UPLOADER] PKT #119 → Firebase ✓
2026-06-06 21:44:59 [INFO] [SIMULATOR] PKT #154 | ALT=8708 m
2026-06-06 21:44:59 [INFO] [T2-PARSER] PKT #154 | T=7.5°C | P=321.0hPa | ALT=8708.4m | H=46.8% | GPS=(19.084708, 72.886408)
2026-06-06 21:45:00 [INFO] [T3-UPLOADER] PKT #120 → Firebase ✓
2026-06-06 21:45:00 [INFO] [SIMULATOR] PKT #155 | ALT=8233 m
2026-06-06 21:45:00 [INFO] [T2-PARSER] PKT #155 | T=8.5°C | P=344.2hPa | ALT=8232.9m | H=56.9% | GPS=(19.084233, 72.885933)
2026-06-06 21:45:01 [INFO] [T3-UPLOADER] PKT #121 → Firebase ✓
2026-06-06 21:45:01 [INFO] [SIMULATOR] PKT #156 | ALT=7850 m
2026-06-06 21:45:02 [INFO] [T2-PARSER] PKT #156 | T=9.2°C | P=363.8hPa | ALT=7850.4m | H=60.8% | GPS=(19.083850, 72.885550)
2026-06-06 21:45:02 [INFO] [T3-UPLOADER] PKT #122 → Firebase ✓
2026-06-06 21:45:03 [INFO] [SIMULATOR] PKT #157 | ALT=7477 m
2026-06-06 21:45:03 [INFO] [T2-PARSER] PKT #157 | T=10.0°C | P=383.8hPa | ALT=7477.1m | H=67.3% | GPS=(19.083477, 72.885177)
2026-06-06 21:45:04 [INFO] [SIMULATOR] PKT #158 | ALT=7079 m
2026-06-06 21:45:04 [INFO] [T2-PARSER] PKT #158 | T=10.8°C | P=406.1hPa | ALT=7079.2m | H=61.2% | GPS=(19.083079, 72.884779)
2026-06-06 21:45:04 [INFO] [T3-UPLOADER] PKT #123 → Firebase ✓
2026-06-06 21:45:05 [INFO] [SIMULATOR] PKT #159 | ALT=6595 m
2026-06-06 21:45:05 [INFO] [T2-PARSER] PKT #159 | T=11.8°C | P=434.6hPa | ALT=6594.5m | H=56.4% | GPS=(19.082595, 72.884295)
2026-06-06 21:45:05 [INFO] [T3-UPLOADER] PKT #124 → Firebase ✓
2026-06-06 21:45:06 [INFO] [SIMULATOR] PKT #160 | ALT=6166 m
2026-06-06 21:45:06 [INFO] [T2-PARSER] PKT #160 | T=12.6°C | P=461.2hPa | ALT=6166.1m | H=58.3% | GPS=(19.082166, 72.883866)
2026-06-06 21:45:06 [INFO] [T3-UPLOADER] PKT #125 → Firebase ✓
2026-06-06 21:45:07 [INFO] [SIMULATOR] PKT #161 | ALT=5747 m
2026-06-06 21:45:07 [INFO] [T2-PARSER] PKT #161 | T=13.5°C | P=488.5hPa | ALT=5746.7m | H=46.1% | GPS=(19.081747, 72.883447)
2026-06-06 21:45:07 [INFO] [T3-UPLOADER] PKT #126 → Firebase ✓
2026-06-06 21:45:08 [INFO] [SIMULATOR] PKT #162 | ALT=5476 m
2026-06-06 21:45:08 [INFO] [T2-PARSER] PKT #162 | T=14.0°C | P=506.8hPa | ALT=5475.7m | H=61.8% | GPS=(19.081476, 72.883176)
2026-06-06 21:45:09 [INFO] [SIMULATOR] PKT #163 | ALT=4996 m
2026-06-06 21:45:09 [INFO] [T2-PARSER] PKT #163 | T=15.0°C | P=540.5hPa | ALT=4995.7m | H=63.6% | GPS=(19.080996, 72.882696)
2026-06-06 21:45:09 [INFO] [T3-UPLOADER] PKT #127 → Firebase ✓
2026-06-06 21:45:10 [INFO] [SIMULATOR] PKT #164 | ALT=4637 m
2026-06-06 21:45:10 [INFO] [T2-PARSER] PKT #164 | T=15.7°C | P=567.0hPa | ALT=4636.5m | H=56.7% | GPS=(19.080637, 72.882337)
2026-06-06 21:45:10 [INFO] [T3-UPLOADER] PKT #128 → Firebase ✓
2026-06-06 21:45:11 [INFO] [SIMULATOR] PKT #165 | ALT=4144 m
2026-06-06 21:45:11 [INFO] [T2-PARSER] PKT #165 | T=16.7°C | P=605.0hPa | ALT=4143.6m | H=48.5% | GPS=(19.080144, 72.881844)
2026-06-06 21:45:11 [INFO] [T3-UPLOADER] PKT #129 → Firebase ✓
2026-06-06 21:45:12 [INFO] [SIMULATOR] PKT #166 | ALT=3878 m
2026-06-06 21:45:12 [INFO] [T2-PARSER] PKT #166 | T=17.2°C | P=626.3hPa | ALT=3877.5m | H=68.3% | GPS=(19.079878, 72.881578)
2026-06-06 21:45:12 [INFO] [T3-UPLOADER] PKT #130 → Firebase ✓
2026-06-06 21:45:13 [INFO] [SIMULATOR] PKT #167 | ALT=3616 m
2026-06-06 21:45:13 [INFO] [T2-PARSER] PKT #167 | T=17.7°C | P=648.0hPa | ALT=3615.5m | H=61.4% | GPS=(19.079616, 72.881316)
2026-06-06 21:45:13 [INFO] [T3-UPLOADER] PKT #131 → Firebase ✓
2026-06-06 21:45:14 [INFO] [SIMULATOR] PKT #168 | ALT=3337 m
2026-06-06 21:45:14 [INFO] [T2-PARSER] PKT #168 | T=18.3°C | P=671.6hPa | ALT=3337.4m | H=56.4% | GPS=(19.079337, 72.881037)
2026-06-06 21:45:14 [INFO] [T3-UPLOADER] PKT #132 → Firebase ✓
2026-06-06 21:45:15 [INFO] [SIMULATOR] PKT #169 | ALT=2932 m
2026-06-06 21:45:15 [INFO] [T2-PARSER] PKT #169 | T=19.1°C | P=707.2hPa | ALT=2932.1m | H=61.6% | GPS=(19.078932, 72.880632)
2026-06-06 21:45:15 [INFO] [T3-UPLOADER] PKT #133 → Firebase ✓
2026-06-06 21:45:16 [INFO] [SIMULATOR] PKT #170 | ALT=2600 m
2026-06-06 21:45:16 [INFO] [T2-PARSER] PKT #170 | T=19.7°C | P=737.5hPa | ALT=2600.4m | H=55.6% | GPS=(19.078600, 72.880300)
2026-06-06 21:45:16 [INFO] [T3-UPLOADER] PKT #134 → Firebase ✓
2026-06-06 21:45:17 [INFO] [SIMULATOR] PKT #171 | ALT=2197 m
2026-06-06 21:45:17 [INFO] [T2-PARSER] PKT #171 | T=20.6°C | P=775.7hPa | ALT=2197.0m | H=46.7% | GPS=(19.078197, 72.879897)
2026-06-06 21:45:17 [INFO] [T3-UPLOADER] PKT #135 → Firebase ✓
2026-06-06 21:45:18 [INFO] [SIMULATOR] PKT #172 | ALT=1772 m
2026-06-06 21:45:18 [INFO] [T2-PARSER] PKT #172 | T=21.4°C | P=817.8hPa | ALT=1771.7m | H=69.1% | GPS=(19.077772, 72.879472)
2026-06-06 21:45:19 [INFO] [SIMULATOR] PKT #173 | ALT=1365 m
2026-06-06 21:45:19 [INFO] [T2-PARSER] PKT #173 | T=22.2°C | P=859.7hPa | ALT=1364.5m | H=64.4% | GPS=(19.077365, 72.879065)
2026-06-06 21:45:20 [INFO] [SIMULATOR] PKT #174 | ALT=874 m
2026-06-06 21:45:20 [INFO] [T2-PARSER] PKT #174 | T=23.2°C | P=912.6hPa | ALT=873.7m | H=60.1% | GPS=(19.076874, 72.878574)
2026-06-06 21:45:20 [INFO] [T3-UPLOADER] PKT #136 → Firebase ✓
2026-06-06 21:45:21 [INFO] [SIMULATOR] PKT #175 | ALT=415 m
2026-06-06 21:45:21 [INFO] [T2-PARSER] PKT #175 | T=24.1°C | P=964.4hPa | ALT=414.7m | H=63.5% | GPS=(19.076415, 72.878115)
2026-06-06 21:45:21 [INFO] [T3-UPLOADER] PKT #137 → Firebase ✓
2026-06-06 21:45:22 [INFO] [SIMULATOR] LANDED
2026-06-06 21:45:22 [INFO] [T3-UPLOADER] PKT #138 → Firebase ✓
2026-06-06 21:45:24 [INFO] [T3-UPLOADER] PKT #139 → Firebase ✓
2026-06-06 21:45:25 [INFO] [T3-UPLOADER] PKT #140 → Firebase ✓
2026-06-06 21:45:25 [INFO] [STATS] Received: 175 | Parsed: 175 | Uploaded: 140 | Parse errors: 0 | Upload errors: 0
2026-06-06 21:45:26 [INFO] [T3-UPLOADER] PKT #141 → Firebase ✓
2026-06-06 21:45:27 [INFO] [SIMULATOR] PKT #1 | ALT=0 m
2026-06-06 21:45:27 [INFO] [T2-PARSER] PKT #1 | T=25.0°C | P=1013.2hPa | ALT=0.0m | H=50.0% | GPS=(19.076000, 72.877700)
2026-06-06 21:45:27 [INFO] [T3-UPLOADER] PKT #142 → Firebase ✓
2026-06-06 21:45:28 [INFO] [SIMULATOR] PKT #2 | ALT=376 m
2026-06-06 21:45:28 [INFO] [T2-PARSER] PKT #2 | T=24.2°C | P=968.9hPa | ALT=376.0m | H=62.8% | GPS=(19.076376, 72.878076)
2026-06-06 21:45:28 [INFO] [T3-UPLOADER] PKT #143 → Firebase ✓
2026-06-06 21:45:29 [INFO] [SIMULATOR] PKT #3 | ALT=589 m
2026-06-06 21:45:29 [INFO] [T2-PARSER] PKT #3 | T=23.8°C | P=944.4hPa | ALT=589.4m | H=62.0% | GPS=(19.076589, 72.878289)
2026-06-06 21:45:30 [INFO] [T3-UPLOADER] PKT #144 → Firebase ✓
2026-06-06 21:45:30 [INFO] [SIMULATOR] PKT #4 | ALT=908 m
2026-06-06 21:45:30 [INFO] [T2-PARSER] PKT #4 | T=23.1°C | P=908.8hPa | ALT=908.1m | H=45.2% | GPS=(19.076908, 72.878608)
2026-06-06 21:45:31 [INFO] [SIMULATOR] PKT #5 | ALT=1206 m
2026-06-06 21:45:31 [INFO] [T3-UPLOADER] PKT #145 → Firebase ✓
2026-06-06 21:45:31 [INFO] [T2-PARSER] PKT #5 | T=22.5°C | P=876.5hPa | ALT=1206.2m | H=47.1% | GPS=(19.077206, 72.878906)
2026-06-06 21:45:32 [INFO] [T3-UPLOADER] PKT #146 → Firebase ✓
2026-06-06 21:45:32 [INFO] [SIMULATOR] PKT #6 | ALT=1551 m
2026-06-06 21:45:32 [INFO] [T2-PARSER] PKT #6 | T=21.8°C | P=840.3hPa | ALT=1550.8m | H=48.4% | GPS=(19.077551, 72.879251)
2026-06-06 21:45:33 [INFO] [SIMULATOR] PKT #7 | ALT=1795 m
2026-06-06 21:45:33 [INFO] [T2-PARSER] PKT #7 | T=21.4°C | P=815.4hPa | ALT=1795.3m | H=52.0% | GPS=(19.077795, 72.879495)
2026-06-06 21:45:33 [INFO] [T3-UPLOADER] PKT #147 → Firebase ✓
2026-06-06 21:45:34 [INFO] [SIMULATOR] PKT #8 | ALT=2071 m
2026-06-06 21:45:34 [INFO] [T2-PARSER] PKT #8 | T=20.8°C | P=788.0hPa | ALT=2070.5m | H=45.5% | GPS=(19.078071, 72.879771)
2026-06-06 21:45:35 [INFO] [SIMULATOR] PKT #9 | ALT=2334 m
2026-06-06 21:45:35 [INFO] [T2-PARSER] PKT #9 | T=20.3°C | P=762.5hPa | ALT=2334.1m | H=62.6% | GPS=(19.078334, 72.880034)
2026-06-06 21:45:35 [INFO] [T3-UPLOADER] PKT #148 → Firebase ✓
2026-06-06 21:45:36 [INFO] [SIMULATOR] PKT #10 | ALT=2574 m
2026-06-06 21:45:36 [INFO] [T2-PARSER] PKT #10 | T=19.8°C | P=740.0hPa | ALT=2573.6m | H=53.5% | GPS=(19.078574, 72.880274)
2026-06-06 21:45:36 [INFO] [T3-UPLOADER] PKT #149 → Firebase ✓
2026-06-06 21:45:37 [INFO] [SIMULATOR] PKT #11 | ALT=2926 m
2026-06-06 21:45:37 [INFO] [T2-PARSER] PKT #11 | T=19.1°C | P=707.8hPa | ALT=2925.7m | H=66.6% | GPS=(19.078926, 72.880626)
2026-06-06 21:45:37 [INFO] [T3-UPLOADER] PKT #150 → Firebase ✓
2026-06-06 21:45:38 [INFO] [SIMULATOR] PKT #12 | ALT=3228 m
2026-06-06 21:45:38 [INFO] [T2-PARSER] PKT #12 | T=18.5°C | P=681.1hPa | ALT=3227.6m | H=67.2% | GPS=(19.079228, 72.880928)
2026-06-06 21:45:38 [INFO] [T3-UPLOADER] PKT #151 → Firebase ✓
2026-06-06 21:45:39 [INFO] [SIMULATOR] PKT #13 | ALT=3584 m
2026-06-06 21:45:39 [INFO] [T2-PARSER] PKT #13 | T=17.8°C | P=650.6hPa | ALT=3584.4m | H=63.4% | GPS=(19.079584, 72.881284)
2026-06-06 21:45:39 [INFO] [T3-UPLOADER] PKT #152 → Firebase ✓
2026-06-06 21:45:40 [INFO] [SIMULATOR] PKT #14 | ALT=3951 m
2026-06-06 21:45:40 [INFO] [T2-PARSER] PKT #14 | T=17.0°C | P=620.4hPa | ALT=3950.7m | H=49.1% | GPS=(19.079951, 72.881651)
2026-06-06 21:45:40 [INFO] [T3-UPLOADER] PKT #153 → Firebase ✓
2026-06-06 21:45:41 [INFO] [SIMULATOR] PKT #15 | ALT=4305 m
2026-06-06 21:45:41 [INFO] [T2-PARSER] PKT #15 | T=16.3°C | P=592.3hPa | ALT=4305.1m | H=58.1% | GPS=(19.080305, 72.882005)
2026-06-06 21:45:42 [INFO] [T3-UPLOADER] PKT #154 → Firebase ✓
2026-06-06 21:45:42 [INFO] [SIMULATOR] PKT #16 | ALT=4594 m
2026-06-06 21:45:42 [INFO] [T2-PARSER] PKT #16 | T=15.8°C | P=570.2hPa | ALT=4593.7m | H=55.1% | GPS=(19.080594, 72.882294)
2026-06-06 21:45:43 [INFO] [T3-UPLOADER] PKT #155 → Firebase ✓
2026-06-06 21:45:43 [INFO] [SIMULATOR] PKT #17 | ALT=4919 m
2026-06-06 21:45:43 [INFO] [T2-PARSER] PKT #17 | T=15.1°C | P=546.1hPa | ALT=4918.6m | H=61.2% | GPS=(19.080919, 72.882619)
2026-06-06 21:45:44 [INFO] [T3-UPLOADER] PKT #156 → Firebase ✓
2026-06-06 21:45:44 [INFO] [SIMULATOR] PKT #18 | ALT=5226 m
2026-06-06 21:45:44 [INFO] [T2-PARSER] PKT #18 | T=14.5°C | P=524.1hPa | ALT=5226.2m | H=64.2% | GPS=(19.081226, 72.882926)
2026-06-06 21:45:44 [INFO] [T3-UPLOADER] PKT #157 → Firebase ✓
2026-06-06 21:45:45 [INFO] [SIMULATOR] PKT #19 | ALT=5511 m
2026-06-06 21:45:45 [INFO] [T2-PARSER] PKT #19 | T=13.9°C | P=504.4hPa | ALT=5510.9m | H=66.7% | GPS=(19.081511, 72.883211)
2026-06-06 21:45:46 [INFO] [T3-UPLOADER] PKT #158 → Firebase ✓
2026-06-06 21:45:46 [INFO] [SIMULATOR] PKT #20 | ALT=5844 m
2026-06-06 21:45:46 [INFO] [T2-PARSER] PKT #20 | T=13.3°C | P=482.1hPa | ALT=5843.5m | H=61.1% | GPS=(19.081844, 72.883544)
2026-06-06 21:45:47 [INFO] [T3-UPLOADER] PKT #159 → Firebase ✓
2026-06-06 21:45:47 [INFO] [SIMULATOR] PKT #21 | ALT=6168 m
2026-06-06 21:45:47 [INFO] [T2-PARSER] PKT #21 | T=12.6°C | P=461.1hPa | ALT=6168.0m | H=55.9% | GPS=(19.082168, 72.883868)
2026-06-06 21:45:48 [INFO] [T3-UPLOADER] PKT #160 → Firebase ✓
2026-06-06 21:45:48 [INFO] [SIMULATOR] PKT #22 | ALT=6491 m
2026-06-06 21:45:48 [INFO] [T2-PARSER] PKT #22 | T=12.0°C | P=440.9hPa | ALT=6490.8m | H=65.4% | GPS=(19.082491, 72.884191)
2026-06-06 21:45:49 [INFO] [T3-UPLOADER] PKT #161 → Firebase ✓
2026-06-06 21:45:49 [INFO] [SIMULATOR] PKT #23 | ALT=6882 m
2026-06-06 21:45:49 [INFO] [T2-PARSER] PKT #23 | T=11.2°C | P=417.5hPa | ALT=6882.1m | H=57.8% | GPS=(19.082882, 72.884582)
2026-06-06 21:45:50 [INFO] [SIMULATOR] PKT #24 | ALT=7164 m
2026-06-06 21:45:50 [INFO] [T2-PARSER] PKT #24 | T=10.6°C | P=401.3hPa | ALT=7163.6m | H=66.0% | GPS=(19.083164, 72.884864)
2026-06-06 21:45:51 [INFO] [SIMULATOR] PKT #25 | ALT=7561 m
2026-06-06 21:45:51 [INFO] [T2-PARSER] PKT #25 | T=9.8°C | P=379.2hPa | ALT=7560.8m | H=69.6% | GPS=(19.083561, 72.885261)
2026-06-06 21:45:52 [INFO] [SIMULATOR] PKT #26 | ALT=7826 m
2026-06-06 21:45:52 [INFO] [T2-PARSER] PKT #26 | T=9.3°C | P=365.1hPa | ALT=7826.0m | H=46.1% | GPS=(19.083826, 72.885526)
2026-06-06 21:45:52 [INFO] [T3-UPLOADER] PKT #162 → Firebase ✓
2026-06-06 21:45:53 [INFO] [SIMULATOR] PKT #27 | ALT=8135 m
2026-06-06 21:45:53 [INFO] [T2-PARSER] PKT #27 | T=8.7°C | P=349.1hPa | ALT=8135.3m | H=55.3% | GPS=(19.084135, 72.885835)
2026-06-06 21:45:54 [INFO] [SIMULATOR] PKT #28 | ALT=8422 m
2026-06-06 21:45:54 [INFO] [T2-PARSER] PKT #28 | T=8.1°C | P=334.8hPa | ALT=8422.3m | H=47.0% | GPS=(19.084422, 72.886122)
2026-06-06 21:45:54 [INFO] [T3-UPLOADER] PKT #163 → Firebase ✓
2026-06-06 21:45:55 [INFO] [SIMULATOR] PKT #29 | ALT=8755 m
2026-06-06 21:45:55 [INFO] [T2-PARSER] PKT #29 | T=7.4°C | P=318.9hPa | ALT=8754.8m | H=65.9% | GPS=(19.084755, 72.886455)
2026-06-06 21:45:55 [INFO] [T3-UPLOADER] PKT #164 → Firebase ✓
2026-06-06 21:45:56 [INFO] [SIMULATOR] PKT #30 | ALT=9118 m
2026-06-06 21:45:56 [INFO] [T2-PARSER] PKT #30 | T=6.7°C | P=302.1hPa | ALT=9117.8m | H=62.6% | GPS=(19.085118, 72.886818)
2026-06-06 21:45:56 [INFO] [T3-UPLOADER] PKT #165 → Firebase ✓
2026-06-06 21:45:57 [INFO] [SIMULATOR] PKT #31 | ALT=9472 m
2026-06-06 21:45:57 [INFO] [T2-PARSER] PKT #31 | T=6.0°C | P=286.5hPa | ALT=9472.3m | H=63.4% | GPS=(19.085472, 72.887172)
2026-06-06 21:45:57 [INFO] [T3-UPLOADER] PKT #166 → Firebase ✓
2026-06-06 21:45:58 [INFO] [SIMULATOR] PKT #32 | ALT=9840 m
2026-06-06 21:45:58 [INFO] [T2-PARSER] PKT #32 | T=5.3°C | P=270.9hPa | ALT=9839.9m | H=67.7% | GPS=(19.085840, 72.887540)
2026-06-06 21:45:59 [INFO] [SIMULATOR] PKT #33 | ALT=10219 m
2026-06-06 21:45:59 [INFO] [T2-PARSER] PKT #33 | T=4.5°C | P=255.7hPa | ALT=10219.2m | H=47.1% | GPS=(19.086219, 72.887919)
2026-06-06 21:45:59 [INFO] [T3-UPLOADER] PKT #167 → Firebase ✓
2026-06-06 21:46:00 [INFO] [SIMULATOR] PKT #34 | ALT=10530 m
2026-06-06 21:46:00 [INFO] [T2-PARSER] PKT #34 | T=3.9°C | P=243.7hPa | ALT=10529.5m | H=66.5% | GPS=(19.086530, 72.888230)
2026-06-06 21:46:00 [INFO] [T3-UPLOADER] PKT #168 → Firebase ✓
2026-06-06 21:46:01 [INFO] [SIMULATOR] PKT #35 | ALT=10898 m
2026-06-06 21:46:01 [INFO] [T2-PARSER] PKT #35 | T=3.2°C | P=230.0hPa | ALT=10897.7m | H=68.4% | GPS=(19.086898, 72.888598)
2026-06-06 21:46:01 [INFO] [T3-UPLOADER] PKT #169 → Firebase ✓
2026-06-06 21:46:02 [INFO] [SIMULATOR] PKT #36 | ALT=11262 m
2026-06-06 21:46:02 [INFO] [T2-PARSER] PKT #36 | T=2.4°C | P=217.2hPa | ALT=11261.5m | H=50.9% | GPS=(19.087262, 72.888962)
2026-06-06 21:46:02 [INFO] [T3-UPLOADER] PKT #170 → Firebase ✓
2026-06-06 21:46:03 [INFO] [SIMULATOR] PKT #37 | ALT=11540 m
2026-06-06 21:46:03 [INFO] [T2-PARSER] PKT #37 | T=1.9°C | P=207.8hPa | ALT=11539.6m | H=69.0% | GPS=(19.087540, 72.889240)
2026-06-06 21:46:03 [INFO] [T3-UPLOADER] PKT #171 → Firebase ✓
2026-06-06 21:46:04 [INFO] [SIMULATOR] PKT #38 | ALT=11777 m
2026-06-06 21:46:04 [INFO] [T2-PARSER] PKT #38 | T=1.4°C | P=200.0hPa | ALT=11776.6m | H=67.8% | GPS=(19.087777, 72.889477)
2026-06-06 21:46:04 [INFO] [T3-UPLOADER] PKT #172 → Firebase ✓
2026-06-06 21:46:05 [INFO] [SIMULATOR] PKT #39 | ALT=12022 m
2026-06-06 21:46:05 [INFO] [T2-PARSER] PKT #39 | T=0.9°C | P=192.2hPa | ALT=12022.2m | H=47.4% | GPS=(19.088022, 72.889722)
2026-06-06 21:46:05 [INFO] [T3-UPLOADER] PKT #173 → Firebase ✓
2026-06-06 21:46:06 [INFO] [SIMULATOR] PKT #40 | ALT=12269 m
2026-06-06 21:46:06 [INFO] [T2-PARSER] PKT #40 | T=0.4°C | P=184.6hPa | ALT=12268.9m | H=53.1% | GPS=(19.088269, 72.889969)
2026-06-06 21:46:07 [INFO] [T3-UPLOADER] PKT #174 → Firebase ✓
2026-06-06 21:46:07 [INFO] [SIMULATOR] PKT #41 | ALT=12557 m
2026-06-06 21:46:07 [INFO] [T2-PARSER] PKT #41 | T=-0.1°C | P=176.0hPa | ALT=12557.1m | H=65.6% | GPS=(19.088557, 72.890257)
2026-06-06 21:46:08 [INFO] [SIMULATOR] PKT #42 | ALT=12895 m
2026-06-06 21:46:08 [INFO] [T2-PARSER] PKT #42 | T=-0.7°C | P=166.4hPa | ALT=12894.8m | H=67.1% | GPS=(19.088895, 72.890595)
2026-06-06 21:46:09 [INFO] [SIMULATOR] PKT #43 | ALT=13201 m
2026-06-06 21:46:09 [INFO] [T2-PARSER] PKT #43 | T=-1.4°C | P=158.1hPa | ALT=13200.7m | H=54.5% | GPS=(19.089201, 72.890901)
2026-06-06 21:46:09 [INFO] [T3-UPLOADER] PKT #175 → Firebase ✓
2026-06-06 21:46:10 [INFO] [SIMULATOR] PKT #44 | ALT=13490 m
2026-06-06 21:46:10 [INFO] [T2-PARSER] PKT #44 | T=-1.9°C | P=150.5hPa | ALT=13489.6m | H=57.5% | GPS=(19.089490, 72.891190)
2026-06-06 21:46:11 [INFO] [T3-UPLOADER] PKT #1 → Firebase ✓
2026-06-06 21:46:11 [INFO] [SIMULATOR] PKT #45 | ALT=13823 m
2026-06-06 21:46:11 [INFO] [T2-PARSER] PKT #45 | T=-2.6°C | P=142.2hPa | ALT=13823.3m | H=47.3% | GPS=(19.089823, 72.891523)
2026-06-06 21:46:12 [INFO] [SIMULATOR] PKT #46 | ALT=14053 m
2026-06-06 21:46:12 [INFO] [T2-PARSER] PKT #46 | T=-3.1°C | P=136.6hPa | ALT=14053.1m | H=67.5% | GPS=(19.090053, 72.891753)
2026-06-06 21:46:12 [INFO] [T3-UPLOADER] PKT #2 → Firebase ✓
2026-06-06 21:46:13 [INFO] [SIMULATOR] PKT #47 | ALT=14278 m
2026-06-06 21:46:13 [INFO] [T2-PARSER] PKT #47 | T=-3.5°C | P=131.4hPa | ALT=14277.9m | H=52.6% | GPS=(19.090278, 72.891978)
2026-06-06 21:46:13 [INFO] [T3-UPLOADER] PKT #3 → Firebase ✓
2026-06-06 21:46:14 [INFO] [SIMULATOR] PKT #48 | ALT=14506 m
2026-06-06 21:46:14 [INFO] [T2-PARSER] PKT #48 | T=-4.0°C | P=126.2hPa | ALT=14505.8m | H=45.0% | GPS=(19.090506, 72.892206)
2026-06-06 21:46:14 [INFO] [T3-UPLOADER] PKT #4 → Firebase ✓
2026-06-06 21:46:15 [INFO] [SIMULATOR] PKT #49 | ALT=14904 m
2026-06-06 21:46:15 [INFO] [T2-PARSER] PKT #49 | T=-4.8°C | P=117.6hPa | ALT=14904.4m | H=48.0% | GPS=(19.090904, 72.892604)
2026-06-06 21:46:15 [INFO] [T3-UPLOADER] PKT #5 → Firebase ✓
2026-06-06 21:46:16 [INFO] [SIMULATOR] PKT #50 | ALT=15281 m
2026-06-06 21:46:16 [INFO] [T2-PARSER] PKT #50 | T=-5.5°C | P=109.9hPa | ALT=15281.4m | H=48.4% | GPS=(19.091281, 72.892981)
2026-06-06 21:46:16 [INFO] [T3-UPLOADER] PKT #6 → Firebase ✓
2026-06-06 21:46:17 [INFO] [SIMULATOR] PKT #51 | ALT=15604 m
2026-06-06 21:46:17 [INFO] [T2-PARSER] PKT #51 | T=-6.2°C | P=103.6hPa | ALT=15604.2m | H=54.7% | GPS=(19.091604, 72.893304)
2026-06-06 21:46:17 [INFO] [T3-UPLOADER] PKT #7 → Firebase ✓
2026-06-06 21:46:18 [INFO] [SIMULATOR] PKT #52 | ALT=15958 m
2026-06-06 21:46:18 [INFO] [T2-PARSER] PKT #52 | T=-6.9°C | P=97.1hPa | ALT=15957.8m | H=60.5% | GPS=(19.091958, 72.893658)
2026-06-06 21:46:19 [INFO] [T3-UPLOADER] PKT #8 → Firebase ✓
2026-06-06 21:46:19 [INFO] [SIMULATOR] PKT #53 | ALT=16280 m
2026-06-06 21:46:19 [INFO] [T2-PARSER] PKT #53 | T=-7.5°C | P=91.5hPa | ALT=16279.5m | H=51.8% | GPS=(19.092280, 72.893980)
2026-06-06 21:46:20 [INFO] [T3-UPLOADER] PKT #9 → Firebase ✓
2026-06-06 21:46:20 [INFO] [SIMULATOR] PKT #54 | ALT=16578 m
2026-06-06 21:46:20 [INFO] [T2-PARSER] PKT #54 | T=-8.1°C | P=86.5hPa | ALT=16577.6m | H=61.6% | GPS=(19.092578, 72.894278)
2026-06-06 21:46:20 [INFO] [T3-UPLOADER] PKT #10 → Firebase ✓
2026-06-06 21:46:21 [INFO] [SIMULATOR] PKT #55 | ALT=16793 m
2026-06-06 21:46:21 [INFO] [T2-PARSER] PKT #55 | T=-8.5°C | P=83.0hPa | ALT=16793.2m | H=45.7% | GPS=(19.092793, 72.894493)
2026-06-06 21:46:22 [INFO] [T3-UPLOADER] PKT #11 → Firebase ✓
2026-06-06 21:46:22 [INFO] [SIMULATOR] PKT #56 | ALT=17157 m
2026-06-06 21:46:22 [INFO] [T2-PARSER] PKT #56 | T=-9.3°C | P=77.4hPa | ALT=17156.6m | H=51.2% | GPS=(19.093157, 72.894857)
2026-06-06 21:46:23 [INFO] [SIMULATOR] PKT #57 | ALT=17369 m
2026-06-06 21:46:23 [INFO] [T2-PARSER] PKT #57 | T=-9.7°C | P=74.3hPa | ALT=17369.3m | H=58.2% | GPS=(19.093369, 72.895069)
2026-06-06 21:46:24 [INFO] [SIMULATOR] PKT #58 | ALT=17691 m
2026-06-06 21:46:24 [INFO] [T2-PARSER] PKT #58 | T=-10.3°C | P=69.7hPa | ALT=17691.1m | H=56.1% | GPS=(19.093691, 72.895391)
2026-06-06 21:46:24 [INFO] [T3-UPLOADER] PKT #12 → Firebase ✓
2026-06-06 21:46:25 [INFO] [SIMULATOR] PKT #59 | ALT=18085 m
2026-06-06 21:46:25 [INFO] [T2-PARSER] PKT #59 | T=-11.1°C | P=64.5hPa | ALT=18085.3m | H=55.7% | GPS=(19.094085, 72.895785)
2026-06-06 21:46:25 [INFO] [STATS] Received: 234 | Parsed: 234 | Uploaded: 187 | Parse errors: 0 | Upload errors: 0
2026-06-06 21:46:25 [INFO] [T3-UPLOADER] PKT #13 → Firebase ✓
2026-06-06 21:46:26 [INFO] [SIMULATOR] PKT #60 | ALT=18470 m
2026-06-06 21:46:26 [INFO] [T2-PARSER] PKT #60 | T=-11.9°C | P=59.6hPa | ALT=18470.0m | H=59.2% | GPS=(19.094470, 72.896170)
2026-06-06 21:46:27 [INFO] [T3-UPLOADER] PKT #14 → Firebase ✓
2026-06-06 21:46:27 [INFO] [SIMULATOR] PKT #61 | ALT=18679 m
2026-06-06 21:46:27 [INFO] [T2-PARSER] PKT #61 | T=-12.3°C | P=57.2hPa | ALT=18679.0m | H=67.7% | GPS=(19.094679, 72.896379)
2026-06-06 21:46:28 [INFO] [T3-UPLOADER] PKT #15 → Firebase ✓
2026-06-06 21:46:28 [INFO] [SIMULATOR] PKT #62 | ALT=18959 m
2026-06-06 21:46:28 [INFO] [T2-PARSER] PKT #62 | T=-12.9°C | P=54.0hPa | ALT=18959.0m | H=49.9% | GPS=(19.094959, 72.896659)
2026-06-06 21:46:29 [INFO] [T3-UPLOADER] PKT #16 → Firebase ✓
2026-06-06 21:46:29 [INFO] [SIMULATOR] PKT #63 | ALT=19254 m
2026-06-06 21:46:29 [INFO] [T2-PARSER] PKT #63 | T=-13.5°C | P=50.8hPa | ALT=19253.6m | H=51.8% | GPS=(19.095254, 72.896954)
2026-06-06 21:46:30 [INFO] [T3-UPLOADER] PKT #17 → Firebase ✓
2026-06-06 21:46:30 [INFO] [SIMULATOR] PKT #64 | ALT=19648 m
2026-06-06 21:46:30 [INFO] [T2-PARSER] PKT #64 | T=-14.2°C | P=46.7hPa | ALT=19647.9m | H=68.3% | GPS=(19.095648, 72.897348)
2026-06-06 21:46:31 [INFO] [SIMULATOR] PKT #65 | ALT=20001 m
2026-06-06 21:46:31 [INFO] [T2-PARSER] PKT #65 | T=-15.0°C | P=43.3hPa | ALT=20000.7m | H=63.1% | GPS=(19.096001, 72.897701)
2026-06-06 21:46:31 [INFO] [T3-UPLOADER] PKT #18 → Firebase ✓
2026-06-06 21:46:32 [INFO] [SIMULATOR] PKT #66 | ALT=20220 m
2026-06-06 21:46:32 [INFO] [T2-PARSER] PKT #66 | T=-15.4°C | P=41.3hPa | ALT=20220.3m | H=57.8% | GPS=(19.096220, 72.897920)
2026-06-06 21:46:33 [INFO] [SIMULATOR] PKT #67 | ALT=20496 m
2026-06-06 21:46:33 [INFO] [T2-PARSER] PKT #67 | T=-15.9°C | P=38.9hPa | ALT=20496.2m | H=66.1% | GPS=(19.096496, 72.898196)
2026-06-06 21:46:33 [INFO] [T3-UPLOADER] PKT #19 → Firebase ✓
2026-06-06 21:46:34 [INFO] [SIMULATOR] PKT #68 | ALT=20875 m
2026-06-06 21:46:34 [INFO] [T2-PARSER] PKT #68 | T=-16.7°C | P=35.7hPa | ALT=20875.2m | H=57.4% | GPS=(19.096875, 72.898575)
2026-06-06 21:46:34 [INFO] [T3-UPLOADER] PKT #20 → Firebase ✓
2026-06-06 21:46:35 [INFO] [SIMULATOR] PKT #69 | ALT=21097 m
2026-06-06 21:46:35 [INFO] [T2-PARSER] PKT #69 | T=-17.1°C | P=34.0hPa | ALT=21097.4m | H=48.0% | GPS=(19.097097, 72.898797)
2026-06-06 21:46:36 [INFO] [T3-UPLOADER] PKT #21 → Firebase ✓
2026-06-06 21:46:36 [INFO] [SIMULATOR] PKT #70 | ALT=21478 m
2026-06-06 21:46:36 [INFO] [T2-PARSER] PKT #70 | T=-17.9°C | P=31.1hPa | ALT=21477.9m | H=57.9% | GPS=(19.097478, 72.899178)
2026-06-06 21:46:37 [INFO] [T3-UPLOADER] PKT #22 → Firebase ✓
2026-06-06 21:46:37 [INFO] [SIMULATOR] PKT #71 | ALT=21678 m
2026-06-06 21:46:37 [INFO] [T2-PARSER] PKT #71 | T=-18.3°C | P=29.7hPa | ALT=21678.1m | H=47.2% | GPS=(19.097678, 72.899378)
2026-06-06 21:46:38 [INFO] [T3-UPLOADER] PKT #23 → Firebase ✓
2026-06-06 21:46:38 [INFO] [SIMULATOR] PKT #72 | ALT=22038 m
2026-06-06 21:46:38 [INFO] [T2-PARSER] PKT #72 | T=-19.0°C | P=27.3hPa | ALT=22037.6m | H=52.1% | GPS=(19.098038, 72.899738)
2026-06-06 21:46:39 [INFO] [T3-UPLOADER] PKT #24 → Firebase ✓
2026-06-06 21:46:39 [INFO] [SIMULATOR] PKT #73 | ALT=22399 m
2026-06-06 21:46:39 [INFO] [T2-PARSER] PKT #73 | T=-19.7°C | P=25.1hPa | ALT=22399.1m | H=50.1% | GPS=(19.098399, 72.900099)
2026-06-06 21:46:40 [INFO] [SIMULATOR] PKT #74 | ALT=22768 m
2026-06-06 21:46:40 [INFO] [T2-PARSER] PKT #74 | T=-20.5°C | P=22.9hPa | ALT=22767.5m | H=54.4% | GPS=(19.098768, 72.900468)
2026-06-06 21:46:40 [INFO] [T3-UPLOADER] PKT #25 → Firebase ✓
2026-06-06 21:46:41 [INFO] [SIMULATOR] PKT #75 | ALT=23100 m
2026-06-06 21:46:41 [INFO] [T2-PARSER] PKT #75 | T=-21.1°C | P=21.1hPa | ALT=23099.6m | H=48.7% | GPS=(19.099100, 72.900800)
2026-06-06 21:46:42 [INFO] [T3-UPLOADER] PKT #26 → Firebase ✓
2026-06-06 21:46:42 [INFO] [SIMULATOR] PKT #76 | ALT=23494 m
2026-06-06 21:46:42 [INFO] [T2-PARSER] PKT #76 | T=-21.9°C | P=19.2hPa | ALT=23494.2m | H=62.9% | GPS=(19.099494, 72.901194)
2026-06-06 21:46:43 [INFO] [T3-UPLOADER] PKT #27 → Firebase ✓
2026-06-06 21:46:43 [INFO] [SIMULATOR] PKT #77 | ALT=23878 m
2026-06-06 21:46:43 [INFO] [T2-PARSER] PKT #77 | T=-22.7°C | P=17.4hPa | ALT=23878.2m | H=69.4% | GPS=(19.099878, 72.901578)
2026-06-06 21:46:44 [INFO] [T3-UPLOADER] PKT #28 → Firebase ✓
2026-06-06 21:46:44 [INFO] [SIMULATOR] PKT #78 | ALT=24198 m
2026-06-06 21:46:44 [INFO] [T2-PARSER] PKT #78 | T=-23.3°C | P=16.0hPa | ALT=24198.4m | H=50.4% | GPS=(19.100198, 72.901898)
2026-06-06 21:46:45 [INFO] [T3-UPLOADER] PKT #29 → Firebase ✓
2026-06-06 21:46:45 [INFO] [SIMULATOR] PKT #79 | ALT=24577 m
2026-06-06 21:46:45 [INFO] [T2-PARSER] PKT #79 | T=-24.1°C | P=14.5hPa | ALT=24577.3m | H=54.0% | GPS=(19.100577, 72.902277)
2026-06-06 21:46:46 [INFO] [SIMULATOR] PKT #80 | ALT=24853 m
2026-06-06 21:46:46 [INFO] [T2-PARSER] PKT #80 | T=-24.7°C | P=13.4hPa | ALT=24852.5m | H=62.2% | GPS=(19.100853, 72.902553)
2026-06-06 21:46:46 [INFO] [T3-UPLOADER] PKT #30 → Firebase ✓
2026-06-06 21:46:47 [INFO] [SIMULATOR] PKT #81 | ALT=25158 m
2026-06-06 21:46:47 [INFO] [T2-PARSER] PKT #81 | T=-25.3°C | P=12.4hPa | ALT=25157.5m | H=52.2% | GPS=(19.101158, 72.902858)
2026-06-06 21:46:47 [INFO] [T3-UPLOADER] PKT #31 → Firebase ✓
2026-06-06 21:46:48 [INFO] [SIMULATOR] PKT #82 | ALT=25373 m
2026-06-06 21:46:48 [INFO] [T2-PARSER] PKT #82 | T=-25.7°C | P=11.7hPa | ALT=25373.1m | H=56.4% | GPS=(19.101373, 72.903073)
2026-06-06 21:46:48 [INFO] [T3-UPLOADER] PKT #32 → Firebase ✓
2026-06-06 21:46:49 [INFO] [SIMULATOR] PKT #83 | ALT=25584 m
2026-06-06 21:46:49 [INFO] [T2-PARSER] PKT #83 | T=-26.1°C | P=11.0hPa | ALT=25584.4m | H=64.4% | GPS=(19.101584, 72.903284)
2026-06-06 21:46:49 [INFO] [T3-UPLOADER] PKT #33 → Firebase ✓
2026-06-06 21:46:50 [INFO] [SIMULATOR] PKT #84 | ALT=25850 m
2026-06-06 21:46:50 [INFO] [T2-PARSER] PKT #84 | T=-26.6°C | P=10.2hPa | ALT=25849.5m | H=51.6% | GPS=(19.101850, 72.903550)
2026-06-06 21:46:51 [INFO] [T3-UPLOADER] PKT #34 → Firebase ✓
2026-06-06 21:46:51 [INFO] [SIMULATOR] PKT #85 | ALT=26163 m
2026-06-06 21:46:51 [INFO] [T2-PARSER] PKT #85 | T=-27.3°C | P=10.0hPa | ALT=26163.2m | H=67.0% | GPS=(19.102163, 72.903863)
2026-06-06 21:46:52 [INFO] [T3-UPLOADER] PKT #35 → Firebase ✓
2026-06-06 21:46:52 [INFO] [SIMULATOR] PKT #86 | ALT=26388 m
2026-06-06 21:46:52 [INFO] [T2-PARSER] PKT #86 | T=-27.7°C | P=10.0hPa | ALT=26388.0m | H=68.6% | GPS=(19.102388, 72.904088)
2026-06-06 21:46:53 [INFO] [SIMULATOR] PKT #87 | ALT=26776 m
2026-06-06 21:46:53 [INFO] [T2-PARSER] PKT #87 | T=-28.5°C | P=10.0hPa | ALT=26776.4m | H=45.0% | GPS=(19.102776, 72.904476)
2026-06-06 21:46:54 [INFO] [SIMULATOR] PKT #88 | ALT=26994 m
2026-06-06 21:46:54 [INFO] [T2-PARSER] PKT #88 | T=-28.9°C | P=10.0hPa | ALT=26994.3m | H=60.7% | GPS=(19.102994, 72.904694)
2026-06-06 21:46:55 [INFO] [SIMULATOR] PKT #89 | ALT=27341 m
2026-06-06 21:46:55 [INFO] [T2-PARSER] PKT #89 | T=-29.6°C | P=10.0hPa | ALT=27341.4m | H=64.4% | GPS=(19.103341, 72.905041)
2026-06-06 21:46:56 [INFO] [T3-UPLOADER] PKT #36 → Firebase ✓
2026-06-06 21:46:56 [INFO] [SIMULATOR] PKT #90 | ALT=27610 m
2026-06-06 21:46:56 [INFO] [T2-PARSER] PKT #90 | T=-30.2°C | P=10.0hPa | ALT=27610.2m | H=52.9% | GPS=(19.103610, 72.905310)
2026-06-06 21:46:57 [INFO] [T3-UPLOADER] PKT #37 → Firebase ✓
2026-06-06 21:46:57 [INFO] [SIMULATOR] PKT #91 | ALT=27816 m
2026-06-06 21:46:57 [INFO] [T2-PARSER] PKT #91 | T=-30.6°C | P=10.0hPa | ALT=27816.2m | H=56.0% | GPS=(19.103816, 72.905516)
2026-06-06 21:46:58 [INFO] [T3-UPLOADER] PKT #38 → Firebase ✓
2026-06-06 21:46:58 [INFO] [SIMULATOR] PKT #92 | ALT=28124 m
2026-06-06 21:46:58 [INFO] [T2-PARSER] PKT #92 | T=-31.2°C | P=10.0hPa | ALT=28123.5m | H=49.1% | GPS=(19.104124, 72.905824)
2026-06-06 21:46:59 [INFO] [T3-UPLOADER] PKT #39 → Firebase ✓
2026-06-06 21:46:59 [INFO] [SIMULATOR] PKT #93 | ALT=28379 m
2026-06-06 21:46:59 [INFO] [T2-PARSER] PKT #93 | T=-31.7°C | P=10.0hPa | ALT=28379.2m | H=64.5% | GPS=(19.104379, 72.906079)
2026-06-06 21:47:00 [INFO] [SIMULATOR] PKT #94 | ALT=28725 m
2026-06-06 21:47:00 [INFO] [T2-PARSER] PKT #94 | T=-32.4°C | P=10.0hPa | ALT=28725.2m | H=56.4% | GPS=(19.104725, 72.906425)
2026-06-06 21:47:01 [INFO] [T3-UPLOADER] PKT #40 → Firebase ✓
2026-06-06 21:47:01 [INFO] [SIMULATOR] PKT #95 | ALT=29091 m
2026-06-06 21:47:01 [INFO] [T2-PARSER] PKT #95 | T=-33.1°C | P=10.0hPa | ALT=29091.3m | H=56.4% | GPS=(19.105091, 72.906791)
2026-06-06 21:47:02 [INFO] [T3-UPLOADER] PKT #41 → Firebase ✓
2026-06-06 21:47:02 [INFO] [SIMULATOR] PKT #96 | ALT=29393 m
2026-06-06 21:47:02 [INFO] [T2-PARSER] PKT #96 | T=-33.7°C | P=10.0hPa | ALT=29392.9m | H=64.7% | GPS=(19.105393, 72.907093)
2026-06-06 21:47:03 [INFO] [T3-UPLOADER] PKT #42 → Firebase ✓
2026-06-06 21:47:03 [INFO] [SIMULATOR] PKT #97 | ALT=29604 m
2026-06-06 21:47:03 [INFO] [T2-PARSER] PKT #97 | T=-34.2°C | P=10.0hPa | ALT=29604.4m | H=68.8% | GPS=(19.105604, 72.907304)
2026-06-06 21:47:04 [INFO] [T3-UPLOADER] PKT #43 → Firebase ✓
2026-06-06 21:47:04 [INFO] [SIMULATOR] PKT #98 | ALT=29919 m
2026-06-06 21:47:04 [INFO] [T2-PARSER] PKT #98 | T=-34.8°C | P=10.0hPa | ALT=29918.5m | H=56.7% | GPS=(19.105919, 72.907619)
2026-06-06 21:47:05 [INFO] [T3-UPLOADER] PKT #44 → Firebase ✓
2026-06-06 21:47:05 [INFO] [SIMULATOR] BALLOON BURST @ 30000 m
2026-06-06 21:47:05 [INFO] [SIMULATOR] PKT #99 | ALT=30000 m
2026-06-06 21:47:05 [INFO] [T2-PARSER] PKT #99 | T=-35.0°C | P=10.0hPa | ALT=30000.0m | H=64.7% | GPS=(19.106000, 72.907700)
2026-06-06 21:47:06 [INFO] [T3-UPLOADER] PKT #45 → Firebase ✓
2026-06-06 21:47:06 [INFO] [SIMULATOR] PKT #100 | ALT=29721 m
2026-06-06 21:47:06 [INFO] [T2-PARSER] PKT #100 | T=-34.4°C | P=10.0hPa | ALT=29720.8m | H=51.9% | GPS=(19.105721, 72.907421)
2026-06-06 21:47:07 [INFO] [T3-UPLOADER] PKT #46 → Firebase ✓
2026-06-06 21:47:07 [INFO] [SIMULATOR] PKT #101 | ALT=29382 m
2026-06-06 21:47:07 [INFO] [T2-PARSER] PKT #101 | T=-33.7°C | P=10.0hPa | ALT=29382.1m | H=58.3% | GPS=(19.105382, 72.907082)
2026-06-06 21:47:08 [INFO] [T3-UPLOADER] PKT #47 → Firebase ✓
2026-06-06 21:47:08 [INFO] [SIMULATOR] PKT #102 | ALT=29115 m
2026-06-06 21:47:08 [INFO] [T2-PARSER] PKT #102 | T=-33.2°C | P=10.0hPa | ALT=29115.0m | H=51.1% | GPS=(19.105115, 72.906815)
2026-06-06 21:47:09 [INFO] [T3-UPLOADER] PKT #48 → Firebase ✓
2026-06-06 21:47:09 [INFO] [SIMULATOR] PKT #103 | ALT=28742 m
2026-06-06 21:47:09 [INFO] [T2-PARSER] PKT #103 | T=-32.4°C | P=10.0hPa | ALT=28742.3m | H=60.1% | GPS=(19.104742, 72.906442)
2026-06-06 21:47:10 [INFO] [T3-UPLOADER] PKT #49 → Firebase ✓
2026-06-06 21:47:10 [INFO] [SIMULATOR] PKT #104 | ALT=28338 m
2026-06-06 21:47:10 [INFO] [T2-PARSER] PKT #104 | T=-31.6°C | P=10.0hPa | ALT=28338.1m | H=57.9% | GPS=(19.104338, 72.906038)
2026-06-06 21:47:11 [INFO] [T3-UPLOADER] PKT #50 → Firebase ✓
2026-06-06 21:47:11 [INFO] [SIMULATOR] PKT #105 | ALT=27881 m
2026-06-06 21:47:11 [INFO] [T2-PARSER] PKT #105 | T=-30.7°C | P=10.0hPa | ALT=27881.4m | H=47.8% | GPS=(19.103881, 72.905581)
2026-06-06 21:47:12 [INFO] [T3-UPLOADER] PKT #51 → Firebase ✓
2026-06-06 21:47:12 [INFO] [SIMULATOR] PKT #106 | ALT=27521 m
2026-06-06 21:47:12 [INFO] [T2-PARSER] PKT #106 | T=-30.0°C | P=10.0hPa | ALT=27520.5m | H=45.4% | GPS=(19.103521, 72.905221)
2026-06-06 21:47:13 [INFO] [SIMULATOR] PKT #107 | ALT=27212 m
2026-06-06 21:47:13 [INFO] [T3-UPLOADER] PKT #52 → Firebase ✓
2026-06-06 21:47:13 [INFO] [T2-PARSER] PKT #107 | T=-29.4°C | P=10.0hPa | ALT=27212.0m | H=64.8% | GPS=(19.103212, 72.904912)
2026-06-06 21:47:14 [INFO] [SIMULATOR] PKT #108 | ALT=26772 m
2026-06-06 21:47:14 [INFO] [T2-PARSER] PKT #108 | T=-28.5°C | P=10.0hPa | ALT=26772.1m | H=65.2% | GPS=(19.102772, 72.904472)
2026-06-06 21:47:15 [INFO] [T3-UPLOADER] PKT #53 → Firebase ✓
2026-06-06 21:47:15 [INFO] [SIMULATOR] PKT #109 | ALT=26438 m
2026-06-06 21:47:15 [INFO] [T2-PARSER] PKT #109 | T=-27.8°C | P=10.0hPa | ALT=26437.6m | H=67.0% | GPS=(19.102438, 72.904138)
2026-06-06 21:47:16 [INFO] [T3-UPLOADER] PKT #54 → Firebase ✓
2026-06-06 21:47:16 [INFO] [SIMULATOR] PKT #110 | ALT=25943 m
2026-06-06 21:47:16 [INFO] [T2-PARSER] PKT #110 | T=-26.8°C | P=10.0hPa | ALT=25942.6m | H=62.4% | GPS=(19.101943, 72.903643)
2026-06-06 21:47:17 [INFO] [T3-UPLOADER] PKT #55 → Firebase ✓
2026-06-06 21:47:17 [INFO] [SIMULATOR] PKT #111 | ALT=25616 m
2026-06-06 21:47:17 [INFO] [T2-PARSER] PKT #111 | T=-26.2°C | P=10.9hPa | ALT=25615.5m | H=62.6% | GPS=(19.101616, 72.903316)
2026-06-06 21:47:18 [INFO] [T3-UPLOADER] PKT #56 → Firebase ✓
2026-06-06 21:47:18 [INFO] [SIMULATOR] PKT #112 | ALT=25255 m
2026-06-06 21:47:18 [INFO] [T2-PARSER] PKT #112 | T=-25.5°C | P=12.1hPa | ALT=25254.7m | H=52.5% | GPS=(19.101255, 72.902955)
2026-06-06 21:47:19 [INFO] [T3-UPLOADER] PKT #57 → Firebase ✓
2026-06-06 21:47:19 [INFO] [SIMULATOR] PKT #113 | ALT=24990 m
2026-06-06 21:47:19 [INFO] [T2-PARSER] PKT #113 | T=-24.9°C | P=13.0hPa | ALT=24989.7m | H=52.9% | GPS=(19.100990, 72.902690)
2026-06-06 21:47:20 [INFO] [T3-UPLOADER] PKT #58 → Firebase ✓
2026-06-06 21:47:20 [INFO] [SIMULATOR] PKT #114 | ALT=24657 m
2026-06-06 21:47:20 [INFO] [T2-PARSER] PKT #114 | T=-24.3°C | P=14.2hPa | ALT=24657.4m | H=50.5% | GPS=(19.100657, 72.902357)
2026-06-06 21:47:21 [INFO] [T3-UPLOADER] PKT #59 → Firebase ✓
2026-06-06 21:47:21 [INFO] [SIMULATOR] PKT #115 | ALT=24258 m
2026-06-06 21:47:21 [INFO] [T2-PARSER] PKT #115 | T=-23.5°C | P=15.8hPa | ALT=24257.8m | H=65.6% | GPS=(19.100258, 72.901958)
2026-06-06 21:47:22 [INFO] [T3-UPLOADER] PKT #60 → Firebase ✓
2026-06-06 21:47:22 [INFO] [SIMULATOR] PKT #116 | ALT=23903 m
2026-06-06 21:47:22 [INFO] [T2-PARSER] PKT #116 | T=-22.8°C | P=17.3hPa | ALT=23902.8m | H=59.3% | GPS=(19.099903, 72.901603)
2026-06-06 21:47:23 [INFO] [T3-UPLOADER] PKT #61 → Firebase ✓
2026-06-06 21:47:23 [INFO] [SIMULATOR] PKT #117 | ALT=23413 m
2026-06-06 21:47:24 [INFO] [T2-PARSER] PKT #117 | T=-21.8°C | P=19.6hPa | ALT=23413.0m | H=50.8% | GPS=(19.099413, 72.901113)
2026-06-06 21:47:24 [INFO] [T3-UPLOADER] PKT #62 → Firebase ✓
2026-06-06 21:47:25 [INFO] [SIMULATOR] PKT #118 | ALT=22967 m
2026-06-06 21:47:25 [INFO] [T2-PARSER] PKT #118 | T=-20.9°C | P=21.9hPa | ALT=22967.1m | H=49.1% | GPS=(19.098967, 72.900667)
2026-06-06 21:47:25 [INFO] [STATS] Received: 293 | Parsed: 293 | Uploaded: 237 | Parse errors: 0 | Upload errors: 0
2026-06-06 21:47:26 [INFO] [SIMULATOR] PKT #119 | ALT=22521 m
2026-06-06 21:47:26 [INFO] [T2-PARSER] PKT #119 | T=-20.0°C | P=24.4hPa | ALT=22520.7m | H=68.4% | GPS=(19.098521, 72.900221)
2026-06-06 21:47:26 [INFO] [T3-UPLOADER] PKT #63 → Firebase ✓
2026-06-06 21:47:27 [INFO] [SIMULATOR] PKT #120 | ALT=22257 m
2026-06-06 21:47:27 [INFO] [T2-PARSER] PKT #120 | T=-19.5°C | P=25.9hPa | ALT=22257.4m | H=45.8% | GPS=(19.098257, 72.899957)
2026-06-06 21:47:27 [INFO] [T3-UPLOADER] PKT #64 → Firebase ✓
2026-06-06 21:47:28 [INFO] [SIMULATOR] PKT #121 | ALT=21767 m
2026-06-06 21:47:28 [INFO] [T2-PARSER] PKT #121 | T=-18.5°C | P=29.1hPa | ALT=21766.5m | H=63.0% | GPS=(19.097767, 72.899467)
2026-06-06 21:47:28 [INFO] [T3-UPLOADER] PKT #65 → Firebase ✓
2026-06-06 21:47:29 [INFO] [SIMULATOR] PKT #122 | ALT=21445 m
2026-06-06 21:47:29 [INFO] [T2-PARSER] PKT #122 | T=-17.8°C | P=31.4hPa | ALT=21445.0m | H=65.4% | GPS=(19.097445, 72.899145)
2026-06-06 21:47:29 [INFO] [T3-UPLOADER] PKT #66 → Firebase ✓
2026-06-06 21:47:30 [INFO] [SIMULATOR] PKT #123 | ALT=21118 m
2026-06-06 21:47:30 [INFO] [T2-PARSER] PKT #123 | T=-17.2°C | P=33.8hPa | ALT=21117.5m | H=57.8% | GPS=(19.097118, 72.898818)
2026-06-06 21:47:30 [INFO] [T3-UPLOADER] PKT #67 → Firebase ✓
2026-06-06 21:47:31 [INFO] [SIMULATOR] PKT #124 | ALT=20807 m
2026-06-06 21:47:31 [INFO] [T2-PARSER] PKT #124 | T=-16.6°C | P=36.3hPa | ALT=20806.5m | H=66.8% | GPS=(19.096807, 72.898507)
2026-06-06 21:47:31 [INFO] [T3-UPLOADER] PKT #68 → Firebase ✓
2026-06-06 21:47:32 [INFO] [SIMULATOR] PKT #125 | ALT=20384 m
2026-06-06 21:47:32 [INFO] [T2-PARSER] PKT #125 | T=-15.7°C | P=39.8hPa | ALT=20383.7m | H=59.9% | GPS=(19.096384, 72.898084)
2026-06-06 21:47:32 [INFO] [T3-UPLOADER] PKT #69 → Firebase ✓
2026-06-06 21:47:33 [INFO] [SIMULATOR] PKT #126 | ALT=20107 m
2026-06-06 21:47:33 [INFO] [T2-PARSER] PKT #126 | T=-15.2°C | P=42.3hPa | ALT=20107.0m | H=49.2% | GPS=(19.096107, 72.897807)
2026-06-06 21:47:33 [INFO] [T3-UPLOADER] PKT #70 → Firebase ✓
2026-06-06 21:47:34 [INFO] [SIMULATOR] PKT #127 | ALT=19695 m
2026-06-06 21:47:34 [INFO] [T2-PARSER] PKT #127 | T=-14.3°C | P=46.2hPa | ALT=19694.9m | H=46.6% | GPS=(19.095695, 72.897395)
2026-06-06 21:47:34 [INFO] [T3-UPLOADER] PKT #71 → Firebase ✓
2026-06-06 21:47:35 [INFO] [SIMULATOR] PKT #128 | ALT=19259 m
2026-06-06 21:47:35 [INFO] [T2-PARSER] PKT #128 | T=-13.5°C | P=50.7hPa | ALT=19258.6m | H=58.6% | GPS=(19.095259, 72.896959)
2026-06-06 21:47:35 [INFO] [T3-UPLOADER] PKT #72 → Firebase ✓
2026-06-06 21:47:36 [INFO] [SIMULATOR] PKT #129 | ALT=18993 m
2026-06-06 21:47:36 [INFO] [T2-PARSER] PKT #129 | T=-12.9°C | P=53.6hPa | ALT=18992.7m | H=55.3% | GPS=(19.094993, 72.896693)
2026-06-06 21:47:36 [INFO] [T3-UPLOADER] PKT #73 → Firebase ✓
2026-06-06 21:47:37 [INFO] [SIMULATOR] PKT #130 | ALT=18644 m
2026-06-06 21:47:37 [INFO] [T2-PARSER] PKT #130 | T=-12.2°C | P=57.6hPa | ALT=18643.9m | H=59.3% | GPS=(19.094644, 72.896344)
2026-06-06 21:47:37 [INFO] [T3-UPLOADER] PKT #74 → Firebase ✓
2026-06-06 21:47:38 [INFO] [SIMULATOR] PKT #131 | ALT=18251 m
2026-06-06 21:47:38 [INFO] [T2-PARSER] PKT #131 | T=-11.5°C | P=62.4hPa | ALT=18251.1m | H=55.2% | GPS=(19.094251, 72.895951)
2026-06-06 21:47:38 [INFO] [T3-UPLOADER] PKT #75 → Firebase ✓
2026-06-06 21:47:39 [INFO] [SIMULATOR] PKT #132 | ALT=17798 m
2026-06-06 21:47:39 [INFO] [T2-PARSER] PKT #132 | T=-10.5°C | P=68.3hPa | ALT=17798.3m | H=63.6% | GPS=(19.093798, 72.895498)
2026-06-06 21:47:39 [INFO] [T3-UPLOADER] PKT #76 → Firebase ✓
2026-06-06 21:47:40 [INFO] [SIMULATOR] PKT #133 | ALT=17520 m
2026-06-06 21:47:40 [INFO] [T2-PARSER] PKT #133 | T=-10.0°C | P=72.1hPa | ALT=17520.4m | H=61.8% | GPS=(19.093520, 72.895220)
2026-06-06 21:47:40 [INFO] [T3-UPLOADER] PKT #77 → Firebase ✓
2026-06-06 21:47:41 [INFO] [SIMULATOR] PKT #134 | ALT=17078 m
2026-06-06 21:47:41 [INFO] [T2-PARSER] PKT #134 | T=-9.1°C | P=78.6hPa | ALT=17078.1m | H=67.5% | GPS=(19.093078, 72.894778)
2026-06-06 21:47:41 [INFO] [T3-UPLOADER] PKT #78 → Firebase ✓
2026-06-06 21:47:42 [INFO] [SIMULATOR] PKT #135 | ALT=16645 m
2026-06-06 21:47:42 [INFO] [T2-PARSER] PKT #135 | T=-8.2°C | P=85.4hPa | ALT=16645.4m | H=66.2% | GPS=(19.092645, 72.894345)
2026-06-06 21:47:43 [INFO] [T3-UPLOADER] PKT #79 → Firebase ✓
2026-06-06 21:47:43 [INFO] [SIMULATOR] PKT #136 | ALT=16384 m
2026-06-06 21:47:43 [INFO] [T2-PARSER] PKT #136 | T=-7.7°C | P=89.7hPa | ALT=16384.2m | H=60.2% | GPS=(19.092384, 72.894084)
2026-06-06 21:47:44 [INFO] [SIMULATOR] PKT #137 | ALT=15912 m
2026-06-06 21:47:44 [INFO] [T2-PARSER] PKT #137 | T=-6.8°C | P=97.9hPa | ALT=15912.1m | H=50.1% | GPS=(19.091912, 72.893612)
2026-06-06 21:47:44 [INFO] [T3-UPLOADER] PKT #80 → Firebase ✓
2026-06-06 21:47:45 [INFO] [SIMULATOR] PKT #138 | ALT=15552 m
2026-06-06 21:47:45 [INFO] [T2-PARSER] PKT #138 | T=-6.1°C | P=104.6hPa | ALT=15552.4m | H=47.6% | GPS=(19.091552, 72.893252)
2026-06-06 21:47:45 [INFO] [T3-UPLOADER] PKT #81 → Firebase ✓
2026-06-06 21:47:46 [INFO] [SIMULATOR] PKT #139 | ALT=15153 m
2026-06-06 21:47:46 [INFO] [T2-PARSER] PKT #139 | T=-5.3°C | P=112.5hPa | ALT=15152.8m | H=64.1% | GPS=(19.091153, 72.892853)
2026-06-06 21:47:46 [INFO] [T3-UPLOADER] PKT #82 → Firebase ✓
2026-06-06 21:47:47 [INFO] [SIMULATOR] PKT #140 | ALT=14849 m
2026-06-06 21:47:47 [INFO] [T2-PARSER] PKT #140 | T=-4.6°C | P=118.8hPa | ALT=14848.7m | H=63.0% | GPS=(19.090849, 72.892549)
2026-06-06 21:47:48 [INFO] [T3-UPLOADER] PKT #83 → Firebase ✓
2026-06-06 21:47:48 [INFO] [SIMULATOR] PKT #141 | ALT=14491 m
2026-06-06 21:47:48 [INFO] [T2-PARSER] PKT #141 | T=-3.9°C | P=126.6hPa | ALT=14490.7m | H=58.5% | GPS=(19.090491, 72.892191)
2026-06-06 21:47:49 [INFO] [SIMULATOR] PKT #142 | ALT=14141 m
2026-06-06 21:47:49 [INFO] [T2-PARSER] PKT #142 | T=-3.2°C | P=134.6hPa | ALT=14141.1m | H=46.7% | GPS=(19.090141, 72.891841)
2026-06-06 21:47:49 [INFO] [T3-UPLOADER] PKT #84 → Firebase ✓
2026-06-06 21:47:50 [INFO] [SIMULATOR] PKT #143 | ALT=13653 m
2026-06-06 21:47:50 [INFO] [T2-PARSER] PKT #143 | T=-2.3°C | P=146.4hPa | ALT=13652.6m | H=64.7% | GPS=(19.089653, 72.891353)
2026-06-06 21:47:50 [INFO] [T3-UPLOADER] PKT #85 → Firebase ✓
2026-06-06 21:47:51 [INFO] [SIMULATOR] PKT #144 | ALT=13165 m
2026-06-06 21:47:51 [INFO] [T2-PARSER] PKT #144 | T=-1.3°C | P=159.1hPa | ALT=13165.0m | H=47.4% | GPS=(19.089165, 72.890865)
2026-06-06 21:47:51 [INFO] [T3-UPLOADER] PKT #86 → Firebase ✓
2026-06-06 21:47:52 [INFO] [SIMULATOR] PKT #145 | ALT=12691 m
2026-06-06 21:47:52 [INFO] [T2-PARSER] PKT #145 | T=-0.3°C | P=172.2hPa | ALT=12690.6m | H=55.1% | GPS=(19.088691, 72.890391)
2026-06-06 21:47:52 [INFO] [T3-UPLOADER] PKT #87 → Firebase ✓
2026-06-06 21:47:53 [INFO] [SIMULATOR] PKT #146 | ALT=12331 m
2026-06-06 21:47:53 [INFO] [T2-PARSER] PKT #146 | T=0.3°C | P=182.7hPa | ALT=12330.6m | H=66.6% | GPS=(19.088331, 72.890031)
2026-06-06 21:47:53 [INFO] [T3-UPLOADER] PKT #88 → Firebase ✓
2026-06-06 21:47:54 [INFO] [SIMULATOR] PKT #147 | ALT=12048 m
2026-06-06 21:47:54 [INFO] [T2-PARSER] PKT #147 | T=0.9°C | P=191.4hPa | ALT=12048.2m | H=59.9% | GPS=(19.088048, 72.889748)
2026-06-06 21:47:54 [INFO] [T3-UPLOADER] PKT #89 → Firebase ✓
2026-06-06 21:47:55 [INFO] [SIMULATOR] PKT #148 | ALT=11573 m
2026-06-06 21:47:55 [INFO] [T2-PARSER] PKT #148 | T=1.8°C | P=206.7hPa | ALT=11572.7m | H=52.2% | GPS=(19.087573, 72.889273)
2026-06-06 21:47:55 [INFO] [T3-UPLOADER] PKT #90 → Firebase ✓
2026-06-06 21:47:56 [INFO] [SIMULATOR] PKT #149 | ALT=11319 m
2026-06-06 21:47:56 [INFO] [T2-PARSER] PKT #149 | T=2.3°C | P=215.2hPa | ALT=11319.1m | H=60.9% | GPS=(19.087319, 72.889019)
2026-06-06 21:47:56 [INFO] [T3-UPLOADER] PKT #91 → Firebase ✓
2026-06-06 21:47:57 [INFO] [SIMULATOR] PKT #150 | ALT=10846 m
2026-06-06 21:47:57 [INFO] [T2-PARSER] PKT #150 | T=3.3°C | P=231.9hPa | ALT=10846.2m | H=63.5% | GPS=(19.086846, 72.888546)
2026-06-06 21:47:57 [INFO] [T3-UPLOADER] PKT #92 → Firebase ✓
2026-06-06 21:47:58 [INFO] [SIMULATOR] PKT #151 | ALT=10376 m
2026-06-06 21:47:58 [INFO] [T2-PARSER] PKT #151 | T=4.2°C | P=249.5hPa | ALT=10376.4m | H=52.3% | GPS=(19.086376, 72.888076)
2026-06-06 21:47:58 [INFO] [T3-UPLOADER] PKT #93 → Firebase ✓
2026-06-06 21:47:59 [INFO] [SIMULATOR] PKT #152 | ALT=9939 m
2026-06-06 21:47:59 [INFO] [T2-PARSER] PKT #152 | T=5.1°C | P=266.9hPa | ALT=9939.0m | H=51.4% | GPS=(19.085939, 72.887639)
2026-06-06 21:47:59 [INFO] [T3-UPLOADER] PKT #94 → Firebase ✓
2026-06-06 21:48:00 [INFO] [SIMULATOR] PKT #153 | ALT=9553 m
2026-06-06 21:48:00 [INFO] [T2-PARSER] PKT #153 | T=5.8°C | P=283.0hPa | ALT=9553.1m | H=61.5% | GPS=(19.085553, 72.887253)
2026-06-06 21:48:00 [INFO] [T3-UPLOADER] PKT #95 → Firebase ✓
2026-06-06 21:48:01 [INFO] [SIMULATOR] PKT #154 | ALT=9179 m
2026-06-06 21:48:01 [INFO] [T2-PARSER] PKT #154 | T=6.6°C | P=299.4hPa | ALT=9179.4m | H=60.6% | GPS=(19.085179, 72.886879)
2026-06-06 21:48:01 [INFO] [T3-UPLOADER] PKT #96 → Firebase ✓
2026-06-06 21:48:02 [INFO] [SIMULATOR] PKT #155 | ALT=8837 m
2026-06-06 21:48:02 [INFO] [T2-PARSER] PKT #155 | T=7.3°C | P=315.0hPa | ALT=8837.0m | H=61.7% | GPS=(19.084837, 72.886537)
2026-06-06 21:48:02 [INFO] [T3-UPLOADER] PKT #97 → Firebase ✓
2026-06-06 21:48:03 [INFO] [SIMULATOR] PKT #156 | ALT=8536 m
2026-06-06 21:48:03 [INFO] [T2-PARSER] PKT #156 | T=7.9°C | P=329.3hPa | ALT=8536.2m | H=54.7% | GPS=(19.084536, 72.886236)
2026-06-06 21:48:03 [INFO] [T3-UPLOADER] PKT #98 → Firebase ✓
2026-06-06 21:48:04 [INFO] [SIMULATOR] PKT #157 | ALT=8046 m
2026-06-06 21:48:04 [INFO] [T2-PARSER] PKT #157 | T=8.9°C | P=353.7hPa | ALT=8046.1m | H=50.1% | GPS=(19.084046, 72.885746)
2026-06-06 21:48:04 [INFO] [T3-UPLOADER] PKT #99 → Firebase ✓
2026-06-06 21:48:05 [INFO] [SIMULATOR] PKT #158 | ALT=7748 m
2026-06-06 21:48:05 [INFO] [T2-PARSER] PKT #158 | T=9.5°C | P=369.2hPa | ALT=7748.3m | H=52.5% | GPS=(19.083748, 72.885448)
2026-06-06 21:48:05 [INFO] [T3-UPLOADER] PKT #100 → Firebase ✓
2026-06-06 21:48:06 [INFO] [SIMULATOR] PKT #159 | ALT=7478 m
2026-06-06 21:48:06 [INFO] [T2-PARSER] PKT #159 | T=10.0°C | P=383.8hPa | ALT=7477.7m | H=56.0% | GPS=(19.083478, 72.885178)
2026-06-06 21:48:06 [INFO] [T3-UPLOADER] PKT #101 → Firebase ✓
2026-06-06 21:48:07 [INFO] [SIMULATOR] PKT #160 | ALT=7096 m
2026-06-06 21:48:07 [INFO] [T2-PARSER] PKT #160 | T=10.8°C | P=405.1hPa | ALT=7095.7m | H=58.7% | GPS=(19.083096, 72.884796)
2026-06-06 21:48:07 [INFO] [T3-UPLOADER] PKT #102 → Firebase ✓
2026-06-06 21:48:08 [INFO] [SIMULATOR] PKT #161 | ALT=6652 m
2026-06-06 21:48:08 [INFO] [T2-PARSER] PKT #161 | T=11.6°C | P=431.2hPa | ALT=6652.2m | H=59.1% | GPS=(19.082652, 72.884352)
2026-06-06 21:48:08 [INFO] [T3-UPLOADER] PKT #103 → Firebase ✓
2026-06-06 21:48:09 [INFO] [SIMULATOR] PKT #162 | ALT=6359 m
2026-06-06 21:48:09 [INFO] [T2-PARSER] PKT #162 | T=12.2°C | P=449.1hPa | ALT=6358.9m | H=62.4% | GPS=(19.082359, 72.884059)
2026-06-06 21:48:09 [INFO] [T3-UPLOADER] PKT #104 → Firebase ✓
2026-06-06 21:48:10 [INFO] [SIMULATOR] PKT #163 | ALT=6100 m
2026-06-06 21:48:10 [INFO] [T2-PARSER] PKT #163 | T=12.7°C | P=465.4hPa | ALT=6100.4m | H=59.3% | GPS=(19.082100, 72.883800)
2026-06-06 21:48:10 [INFO] [T3-UPLOADER] PKT #105 → Firebase ✓
2026-06-06 21:48:11 [INFO] [SIMULATOR] PKT #164 | ALT=5664 m
2026-06-06 21:48:11 [INFO] [T2-PARSER] PKT #164 | T=13.6°C | P=494.0hPa | ALT=5663.9m | H=47.2% | GPS=(19.081664, 72.883364)
2026-06-06 21:48:11 [INFO] [T3-UPLOADER] PKT #106 → Firebase ✓
2026-06-06 21:48:12 [INFO] [SIMULATOR] PKT #165 | ALT=5341 m
2026-06-06 21:48:12 [INFO] [T2-PARSER] PKT #165 | T=14.3°C | P=516.1hPa | ALT=5341.1m | H=51.5% | GPS=(19.081341, 72.883041)
2026-06-06 21:48:12 [INFO] [T3-UPLOADER] PKT #107 → Firebase ✓
2026-06-06 21:48:13 [INFO] [SIMULATOR] PKT #166 | ALT=4923 m
2026-06-06 21:48:13 [INFO] [T2-PARSER] PKT #166 | T=15.1°C | P=545.8hPa | ALT=4923.2m | H=52.9% | GPS=(19.080923, 72.882623)
2026-06-06 21:48:13 [INFO] [T3-UPLOADER] PKT #108 → Firebase ✓
2026-06-06 21:48:14 [INFO] [SIMULATOR] PKT #167 | ALT=4582 m
2026-06-06 21:48:14 [INFO] [T2-PARSER] PKT #167 | T=15.8°C | P=571.1hPa | ALT=4582.4m | H=55.7% | GPS=(19.080582, 72.882282)
2026-06-06 21:48:14 [INFO] [T3-UPLOADER] PKT #109 → Firebase ✓
2026-06-06 21:48:15 [INFO] [SIMULATOR] PKT #168 | ALT=4134 m
2026-06-06 21:48:15 [INFO] [T2-PARSER] PKT #168 | T=16.7°C | P=605.8hPa | ALT=4133.6m | H=45.2% | GPS=(19.080134, 72.881834)
2026-06-06 21:48:15 [INFO] [T3-UPLOADER] PKT #110 → Firebase ✓
2026-06-06 21:48:16 [INFO] [SIMULATOR] PKT #169 | ALT=3861 m
2026-06-06 21:48:16 [INFO] [T2-PARSER] PKT #169 | T=17.2°C | P=627.7hPa | ALT=3860.8m | H=50.2% | GPS=(19.079861, 72.881561)
2026-06-06 21:48:16 [INFO] [T3-UPLOADER] PKT #111 → Firebase ✓
2026-06-06 21:48:17 [INFO] [SIMULATOR] PKT #170 | ALT=3462 m
2026-06-06 21:48:17 [INFO] [T2-PARSER] PKT #170 | T=18.0°C | P=660.9hPa | ALT=3462.0m | H=55.0% | GPS=(19.079462, 72.881162)
2026-06-06 21:48:17 [INFO] [T3-UPLOADER] PKT #112 → Firebase ✓
2026-06-06 21:48:18 [INFO] [SIMULATOR] PKT #171 | ALT=2988 m
2026-06-06 21:48:18 [INFO] [T2-PARSER] PKT #171 | T=19.0°C | P=702.1hPa | ALT=2988.3m | H=57.9% | GPS=(19.078988, 72.880688)
2026-06-06 21:48:18 [INFO] [T3-UPLOADER] PKT #113 → Firebase ✓
2026-06-06 21:48:19 [INFO] [SIMULATOR] PKT #172 | ALT=2649 m
2026-06-06 21:48:19 [INFO] [T2-PARSER] PKT #172 | T=19.7°C | P=732.9hPa | ALT=2649.4m | H=49.2% | GPS=(19.078649, 72.880349)
2026-06-06 21:48:20 [INFO] [T3-UPLOADER] PKT #114 → Firebase ✓
2026-06-06 21:48:20 [INFO] [SIMULATOR] PKT #173 | ALT=2179 m
2026-06-06 21:48:20 [INFO] [T2-PARSER] PKT #173 | T=20.6°C | P=777.5hPa | ALT=2178.7m | H=49.2% | GPS=(19.078179, 72.879879)
2026-06-06 21:48:21 [INFO] [T3-UPLOADER] PKT #115 → Firebase ✓
2026-06-06 21:48:21 [INFO] [SIMULATOR] PKT #174 | ALT=1787 m
2026-06-06 21:48:21 [INFO] [T2-PARSER] PKT #174 | T=21.4°C | P=816.2hPa | ALT=1786.7m | H=65.7% | GPS=(19.077787, 72.879487)
2026-06-06 21:48:22 [INFO] [T3-UPLOADER] PKT #116 → Firebase ✓
2026-06-06 21:48:22 [INFO] [SIMULATOR] PKT #175 | ALT=1424 m
2026-06-06 21:48:22 [INFO] [T2-PARSER] PKT #175 | T=22.1°C | P=853.5hPa | ALT=1424.4m | H=53.9% | GPS=(19.077424, 72.879124)
2026-06-06 21:48:23 [INFO] [T3-UPLOADER] PKT #117 → Firebase ✓
2026-06-06 21:48:23 [INFO] [SIMULATOR] PKT #176 | ALT=1139 m
2026-06-06 21:48:23 [INFO] [T2-PARSER] PKT #176 | T=22.7°C | P=883.7hPa | ALT=1139.0m | H=64.3% | GPS=(19.077139, 72.878839)
2026-06-06 21:48:24 [INFO] [SIMULATOR] PKT #177 | ALT=736 m
2026-06-06 21:48:24 [INFO] [T2-PARSER] PKT #177 | T=23.5°C | P=928.0hPa | ALT=735.5m | H=46.9% | GPS=(19.076736, 72.878436)
2026-06-06 21:48:24 [INFO] [T3-UPLOADER] PKT #118 → Firebase ✓
2026-06-06 21:48:25 [INFO] [SIMULATOR] PKT #178 | ALT=352 m
2026-06-06 21:48:25 [INFO] [T2-PARSER] PKT #178 | T=24.2°C | P=971.6hPa | ALT=352.3m | H=60.5% | GPS=(19.076352, 72.878052)
2026-06-06 21:48:25 [INFO] [T3-UPLOADER] PKT #119 → Firebase ✓
2026-06-06 21:48:25 [INFO] [STATS] Received: 353 | Parsed: 353 | Uploaded: 294 | Parse errors: 0 | Upload errors: 0
2026-06-06 21:48:26 [INFO] [SIMULATOR] PKT #179 | ALT=87 m
2026-06-06 21:48:26 [INFO] [T2-PARSER] PKT #179 | T=24.8°C | P=1002.8hPa | ALT=87.0m | H=54.9% | GPS=(19.076087, 72.877787)
2026-06-06 21:48:26 [INFO] [T3-UPLOADER] PKT #120 → Firebase ✓
2026-06-06 21:48:27 [INFO] [SIMULATOR] LANDED
2026-06-06 21:48:27 [INFO] [T3-UPLOADER] PKT #121 → Firebase ✓
2026-06-06 21:48:29 [INFO] [T3-UPLOADER] PKT #122 → Firebase ✓
2026-06-06 21:48:30 [INFO] [T3-UPLOADER] PKT #123 → Firebase ✓
2026-06-06 21:48:31 [INFO] [T3-UPLOADER] PKT #124 → Firebase ✓
2026-06-06 21:48:32 [INFO] [T3-UPLOADER] PKT #125 → Firebase ✓
2026-06-06 21:48:32 [INFO] [SIMULATOR] PKT #1 | ALT=0 m
2026-06-06 21:48:32 [INFO] [T2-PARSER] PKT #1 | T=25.0°C | P=1013.2hPa | ALT=0.0m | H=61.4% | GPS=(19.076000, 72.877700)
2026-06-06 21:48:33 [INFO] [T3-UPLOADER] PKT #126 → Firebase ✓
2026-06-06 21:48:33 [INFO] [SIMULATOR] PKT #2 | ALT=317 m
2026-06-06 21:48:33 [INFO] [T2-PARSER] PKT #2 | T=24.3°C | P=975.8hPa | ALT=316.8m | H=67.0% | GPS=(19.076317, 72.878017)
2026-06-06 21:48:34 [INFO] [T3-UPLOADER] PKT #127 → Firebase ✓
2026-06-06 21:48:34 [INFO] [SIMULATOR] PKT #3 | ALT=600 m
2026-06-06 21:48:34 [INFO] [T2-PARSER] PKT #3 | T=23.8°C | P=943.2hPa | ALT=599.7m | H=46.1% | GPS=(19.076600, 72.878300)
2026-06-06 21:48:35 [INFO] [T3-UPLOADER] PKT #128 → Firebase ✓
2026-06-06 21:48:35 [INFO] [SIMULATOR] PKT #4 | ALT=817 m
2026-06-06 21:48:35 [INFO] [T2-PARSER] PKT #4 | T=23.3°C | P=918.9hPa | ALT=817.3m | H=45.9% | GPS=(19.076817, 72.878517)
2026-06-06 21:48:36 [INFO] [T3-UPLOADER] PKT #129 → Firebase ✓
2026-06-06 21:48:36 [INFO] [SIMULATOR] PKT #5 | ALT=1047 m
2026-06-06 21:48:36 [INFO] [T2-PARSER] PKT #5 | T=22.9°C | P=893.7hPa | ALT=1046.6m | H=47.4% | GPS=(19.077047, 72.878747)
2026-06-06 21:48:37 [INFO] [T3-UPLOADER] PKT #130 → Firebase ✓
2026-06-06 21:48:37 [INFO] [SIMULATOR] PKT #6 | ALT=1435 m
2026-06-06 21:48:37 [INFO] [T2-PARSER] PKT #6 | T=22.1°C | P=852.3hPa | ALT=1435.0m | H=52.3% | GPS=(19.077435, 72.879135)
2026-06-06 21:48:38 [INFO] [T3-UPLOADER] PKT #131 → Firebase ✓
2026-06-06 21:48:38 [INFO] [SIMULATOR] PKT #7 | ALT=1829 m
2026-06-06 21:48:38 [INFO] [T2-PARSER] PKT #7 | T=21.3°C | P=812.0hPa | ALT=1829.0m | H=60.9% | GPS=(19.077829, 72.879529)
2026-06-06 21:48:39 [INFO] [T3-UPLOADER] PKT #132 → Firebase ✓
2026-06-06 21:48:39 [INFO] [SIMULATOR] PKT #8 | ALT=2095 m
2026-06-06 21:48:39 [INFO] [T2-PARSER] PKT #8 | T=20.8°C | P=785.6hPa | ALT=2095.1m | H=62.2% | GPS=(19.078095, 72.879795)
2026-06-06 21:48:40 [INFO] [T3-UPLOADER] PKT #133 → Firebase ✓
2026-06-06 21:48:40 [INFO] [SIMULATOR] PKT #9 | ALT=2395 m
2026-06-06 21:48:40 [INFO] [T2-PARSER] PKT #9 | T=20.2°C | P=756.8hPa | ALT=2394.8m | H=51.1% | GPS=(19.078395, 72.880095)
2026-06-06 21:48:41 [INFO] [T3-UPLOADER] PKT #134 → Firebase ✓
2026-06-06 21:48:41 [INFO] [SIMULATOR] PKT #10 | ALT=2742 m
2026-06-06 21:48:41 [INFO] [T2-PARSER] PKT #10 | T=19.5°C | P=724.4hPa | ALT=2742.4m | H=46.2% | GPS=(19.078742, 72.880442)
2026-06-06 21:48:42 [INFO] [SIMULATOR] PKT #11 | ALT=3060 m
2026-06-06 21:48:42 [INFO] [T2-PARSER] PKT #11 | T=18.8°C | P=695.8hPa | ALT=3059.7m | H=46.7% | GPS=(19.079060, 72.880760)
2026-06-06 21:48:42 [INFO] [T3-UPLOADER] PKT #135 → Firebase ✓
2026-06-06 21:48:43 [INFO] [SIMULATOR] PKT #12 | ALT=3303 m
2026-06-06 21:48:43 [INFO] [T3-UPLOADER] PKT #136 → Firebase ✓
2026-06-06 21:48:43 [INFO] [T2-PARSER] PKT #12 | T=18.3°C | P=674.5hPa | ALT=3303.0m | H=60.1% | GPS=(19.079303, 72.881003)
2026-06-06 21:48:44 [INFO] [SIMULATOR] PKT #13 | ALT=3532 m
2026-06-06 21:48:44 [INFO] [T2-PARSER] PKT #13 | T=17.9°C | P=654.9hPa | ALT=3532.3m | H=55.4% | GPS=(19.079532, 72.881232)
2026-06-06 21:48:44 [INFO] [T3-UPLOADER] PKT #137 → Firebase ✓
2026-06-06 21:48:45 [INFO] [SIMULATOR] PKT #14 | ALT=3897 m
2026-06-06 21:48:45 [INFO] [T2-PARSER] PKT #14 | T=17.2°C | P=624.7hPa | ALT=3897.4m | H=54.8% | GPS=(19.079897, 72.881597)
2026-06-06 21:48:45 [INFO] [T3-UPLOADER] PKT #138 → Firebase ✓
2026-06-06 21:48:46 [INFO] [SIMULATOR] PKT #15 | ALT=4268 m
2026-06-06 21:48:46 [INFO] [T2-PARSER] PKT #15 | T=16.4°C | P=595.2hPa | ALT=4267.7m | H=55.8% | GPS=(19.080268, 72.881968)
2026-06-06 21:48:46 [INFO] [T3-UPLOADER] PKT #139 → Firebase ✓
2026-06-06 21:48:47 [INFO] [SIMULATOR] PKT #16 | ALT=4627 m
2026-06-06 21:48:47 [INFO] [T2-PARSER] PKT #16 | T=15.7°C | P=567.7hPa | ALT=4626.7m | H=64.6% | GPS=(19.080627, 72.882327)
2026-06-06 21:48:47 [INFO] [T3-UPLOADER] PKT #140 → Firebase ✓
2026-06-06 21:48:48 [INFO] [SIMULATOR] PKT #17 | ALT=5003 m
2026-06-06 21:48:48 [INFO] [T2-PARSER] PKT #17 | T=14.9°C | P=540.0hPa | ALT=5003.4m | H=58.7% | GPS=(19.081003, 72.882703)
2026-06-06 21:48:48 [INFO] [T3-UPLOADER] PKT #141 → Firebase ✓
2026-06-06 21:48:49 [INFO] [SIMULATOR] PKT #18 | ALT=5305 m
2026-06-06 21:48:49 [INFO] [T2-PARSER] PKT #18 | T=14.3°C | P=518.6hPa | ALT=5304.5m | H=49.2% | GPS=(19.081305, 72.883005)
2026-06-06 21:48:49 [INFO] [T3-UPLOADER] PKT #142 → Firebase ✓
2026-06-06 21:48:50 [INFO] [SIMULATOR] PKT #19 | ALT=5630 m
2026-06-06 21:48:50 [INFO] [T2-PARSER] PKT #19 | T=13.7°C | P=496.3hPa | ALT=5630.1m | H=65.8% | GPS=(19.081630, 72.883330)
2026-06-06 21:48:50 [INFO] [T3-UPLOADER] PKT #143 → Firebase ✓
2026-06-06 21:48:51 [INFO] [SIMULATOR] PKT #20 | ALT=5849 m
2026-06-06 21:48:51 [INFO] [T2-PARSER] PKT #20 | T=13.3°C | P=481.7hPa | ALT=5849.1m | H=62.0% | GPS=(19.081849, 72.883549)
2026-06-06 21:48:52 [INFO] [T3-UPLOADER] PKT #144 → Firebase ✓
2026-06-06 21:48:52 [INFO] [SIMULATOR] PKT #21 | ALT=6182 m
2026-06-06 21:48:52 [INFO] [T2-PARSER] PKT #21 | T=12.6°C | P=460.2hPa | ALT=6182.2m | H=48.9% | GPS=(19.082182, 72.883882)
2026-06-06 21:48:53 [INFO] [SIMULATOR] PKT #22 | ALT=6543 m
2026-06-06 21:48:53 [INFO] [T2-PARSER] PKT #22 | T=11.9°C | P=437.8hPa | ALT=6543.3m | H=57.2% | GPS=(19.082543, 72.884243)
2026-06-06 21:48:53 [INFO] [T3-UPLOADER] PKT #145 → Firebase ✓
2026-06-06 21:48:54 [INFO] [SIMULATOR] PKT #23 | ALT=6764 m
2026-06-06 21:48:54 [INFO] [T2-PARSER] PKT #23 | T=11.4°C | P=424.5hPa | ALT=6763.5m | H=56.5% | GPS=(19.082764, 72.884464)
2026-06-06 21:48:55 [INFO] [T3-UPLOADER] PKT #146 → Firebase ✓
2026-06-06 21:48:55 [INFO] [SIMULATOR] PKT #24 | ALT=7114 m
2026-06-06 21:48:55 [INFO] [T2-PARSER] PKT #24 | T=10.7°C | P=404.1hPa | ALT=7113.7m | H=46.5% | GPS=(19.083114, 72.884814)
2026-06-06 21:48:56 [INFO] [T3-UPLOADER] PKT #147 → Firebase ✓
2026-06-06 21:48:56 [INFO] [SIMULATOR] PKT #25 | ALT=7330 m
2026-06-06 21:48:56 [INFO] [T2-PARSER] PKT #25 | T=10.3°C | P=391.9hPa | ALT=7330.1m | H=56.0% | GPS=(19.083330, 72.885030)
2026-06-06 21:48:57 [INFO] [T3-UPLOADER] PKT #148 → Firebase ✓
2026-06-06 21:48:57 [INFO] [SIMULATOR] PKT #26 | ALT=7587 m
2026-06-06 21:48:57 [INFO] [T2-PARSER] PKT #26 | T=9.8°C | P=377.9hPa | ALT=7586.8m | H=61.8% | GPS=(19.083587, 72.885287)
2026-06-06 21:48:58 [INFO] [T3-UPLOADER] PKT #149 → Firebase ✓
2026-06-06 21:48:58 [INFO] [SIMULATOR] PKT #27 | ALT=7935 m
2026-06-06 21:48:58 [INFO] [T2-PARSER] PKT #27 | T=9.1°C | P=359.4hPa | ALT=7935.2m | H=57.6% | GPS=(19.083935, 72.885635)
2026-06-06 21:48:59 [INFO] [T3-UPLOADER] PKT #150 → Firebase ✓
2026-06-06 21:48:59 [INFO] [SIMULATOR] PKT #28 | ALT=8139 m
2026-06-06 21:48:59 [INFO] [T2-PARSER] PKT #28 | T=8.7°C | P=348.9hPa | ALT=8138.8m | H=68.7% | GPS=(19.084139, 72.885839)
2026-06-06 21:49:00 [INFO] [T3-UPLOADER] PKT #151 → Firebase ✓
2026-06-06 21:49:00 [INFO] [SIMULATOR] PKT #29 | ALT=8519 m
2026-06-06 21:49:00 [INFO] [T2-PARSER] PKT #29 | T=7.9°C | P=330.1hPa | ALT=8519.3m | H=65.3% | GPS=(19.084519, 72.886219)
2026-06-06 21:49:01 [INFO] [T3-UPLOADER] PKT #152 → Firebase ✓
2026-06-06 21:49:01 [INFO] [SIMULATOR] PKT #30 | ALT=8913 m
2026-06-06 21:49:01 [INFO] [T2-PARSER] PKT #30 | T=7.1°C | P=311.4hPa | ALT=8913.4m | H=50.7% | GPS=(19.084913, 72.886613)
2026-06-06 21:49:02 [INFO] [SIMULATOR] PKT #31 | ALT=9176 m
2026-06-06 21:49:02 [INFO] [T2-PARSER] PKT #31 | T=6.6°C | P=299.5hPa | ALT=9175.8m | H=49.2% | GPS=(19.085176, 72.886876)
2026-06-06 21:49:03 [INFO] [T3-UPLOADER] PKT #153 → Firebase ✓
2026-06-06 21:49:03 [INFO] [SIMULATOR] PKT #32 | ALT=9415 m
2026-06-06 21:49:03 [INFO] [T2-PARSER] PKT #32 | T=6.1°C | P=289.0hPa | ALT=9415.0m | H=47.8% | GPS=(19.085415, 72.887115)
2026-06-06 21:49:04 [INFO] [T3-UPLOADER] PKT #154 → Firebase ✓
2026-06-06 21:49:04 [INFO] [SIMULATOR] PKT #33 | ALT=9771 m
2026-06-06 21:49:04 [INFO] [T2-PARSER] PKT #33 | T=5.4°C | P=273.8hPa | ALT=9771.4m | H=61.1% | GPS=(19.085771, 72.887471)
2026-06-06 21:49:05 [INFO] [T3-UPLOADER] PKT #155 → Firebase ✓
2026-06-06 21:49:05 [INFO] [SIMULATOR] PKT #34 | ALT=9996 m
2026-06-06 21:49:05 [INFO] [T2-PARSER] PKT #34 | T=5.0°C | P=264.6hPa | ALT=9995.5m | H=59.6% | GPS=(19.085996, 72.887696)
2026-06-06 21:49:06 [INFO] [T3-UPLOADER] PKT #156 → Firebase ✓
2026-06-06 21:49:06 [INFO] [SIMULATOR] PKT #35 | ALT=10368 m
2026-06-06 21:49:06 [INFO] [T2-PARSER] PKT #35 | T=4.2°C | P=249.8hPa | ALT=10368.4m | H=50.0% | GPS=(19.086368, 72.888068)
2026-06-06 21:49:07 [INFO] [T3-UPLOADER] PKT #157 → Firebase ✓
2026-06-06 21:49:07 [INFO] [SIMULATOR] PKT #36 | ALT=10685 m
2026-06-06 21:49:07 [INFO] [T2-PARSER] PKT #36 | T=3.6°C | P=237.8hPa | ALT=10684.8m | H=62.4% | GPS=(19.086685, 72.888385)
2026-06-06 21:49:08 [INFO] [T3-UPLOADER] PKT #158 → Firebase ✓
2026-06-06 21:49:08 [INFO] [SIMULATOR] PKT #37 | ALT=10890 m
2026-06-06 21:49:08 [INFO] [T2-PARSER] PKT #37 | T=3.2°C | P=230.3hPa | ALT=10890.1m | H=45.3% | GPS=(19.086890, 72.888590)
2026-06-06 21:49:09 [INFO] [SIMULATOR] PKT #38 | ALT=11275 m
2026-06-06 21:49:09 [INFO] [T2-PARSER] PKT #38 | T=2.4°C | P=216.7hPa | ALT=11275.4m | H=63.3% | GPS=(19.087275, 72.888975)
2026-06-06 21:49:09 [INFO] [T3-UPLOADER] PKT #159 → Firebase ✓
2026-06-06 21:49:10 [INFO] [SIMULATOR] PKT #39 | ALT=11640 m
2026-06-06 21:49:10 [INFO] [T2-PARSER] PKT #39 | T=1.7°C | P=204.4hPa | ALT=11639.8m | H=53.9% | GPS=(19.087640, 72.889340)
2026-06-06 21:49:11 [INFO] [T3-UPLOADER] PKT #160 → Firebase ✓
2026-06-06 21:49:11 [INFO] [SIMULATOR] PKT #40 | ALT=11942 m
2026-06-06 21:49:11 [INFO] [T2-PARSER] PKT #40 | T=1.1°C | P=194.7hPa | ALT=11942.2m | H=54.6% | GPS=(19.087942, 72.889642)
2026-06-06 21:49:12 [INFO] [T3-UPLOADER] PKT #161 → Firebase ✓
2026-06-06 21:49:12 [INFO] [SIMULATOR] PKT #41 | ALT=12215 m
2026-06-06 21:49:12 [INFO] [T2-PARSER] PKT #41 | T=0.5°C | P=186.2hPa | ALT=12214.6m | H=55.3% | GPS=(19.088215, 72.889915)
2026-06-06 21:49:13 [INFO] [T3-UPLOADER] PKT #162 → Firebase ✓
2026-06-06 21:49:13 [INFO] [SIMULATOR] PKT #42 | ALT=12519 m
2026-06-06 21:49:13 [INFO] [T2-PARSER] PKT #42 | T=0.0°C | P=177.1hPa | ALT=12519.3m | H=46.4% | GPS=(19.088519, 72.890219)
2026-06-06 21:49:14 [INFO] [T3-UPLOADER] PKT #163 → Firebase ✓
2026-06-06 21:49:14 [INFO] [SIMULATOR] PKT #43 | ALT=12761 m
2026-06-06 21:49:14 [INFO] [T2-PARSER] PKT #43 | T=-0.5°C | P=170.2hPa | ALT=12760.6m | H=50.7% | GPS=(19.088761, 72.890461)
2026-06-06 21:49:15 [INFO] [SIMULATOR] PKT #44 | ALT=13113 m
2026-06-06 21:49:15 [INFO] [T2-PARSER] PKT #44 | T=-1.2°C | P=160.4hPa | ALT=13113.3m | H=53.9% | GPS=(19.089113, 72.890813)
2026-06-06 21:49:15 [INFO] [T3-UPLOADER] PKT #164 → Firebase ✓
2026-06-06 21:49:16 [INFO] [SIMULATOR] PKT #45 | ALT=13420 m
2026-06-06 21:49:16 [INFO] [T2-PARSER] PKT #45 | T=-1.8°C | P=152.3hPa | ALT=13420.2m | H=67.6% | GPS=(19.089420, 72.891120)
2026-06-06 21:49:16 [INFO] [T3-UPLOADER] PKT #165 → Firebase ✓
2026-06-06 21:49:17 [INFO] [SIMULATOR] PKT #46 | ALT=13697 m
2026-06-06 21:49:17 [INFO] [T2-PARSER] PKT #46 | T=-2.3°C | P=145.3hPa | ALT=13696.5m | H=56.5% | GPS=(19.089697, 72.891397)
2026-06-06 21:49:17 [INFO] [T3-UPLOADER] PKT #166 → Firebase ✓
2026-06-06 21:49:18 [INFO] [SIMULATOR] PKT #47 | ALT=14047 m
2026-06-06 21:49:18 [INFO] [T2-PARSER] PKT #47 | T=-3.0°C | P=136.8hPa | ALT=14047.1m | H=51.5% | GPS=(19.090047, 72.891747)
2026-06-06 21:49:19 [INFO] [T3-UPLOADER] PKT #167 → Firebase ✓
2026-06-06 21:49:19 [INFO] [SIMULATOR] PKT #48 | ALT=14443 m
2026-06-06 21:49:19 [INFO] [T2-PARSER] PKT #48 | T=-3.8°C | P=127.6hPa | ALT=14442.7m | H=53.7% | GPS=(19.090443, 72.892143)
2026-06-06 21:49:20 [INFO] [T3-UPLOADER] PKT #168 → Firebase ✓
2026-06-06 21:49:20 [INFO] [SIMULATOR] PKT #49 | ALT=14700 m
2026-06-06 21:49:20 [INFO] [T2-PARSER] PKT #49 | T=-4.3°C | P=122.0hPa | ALT=14699.8m | H=56.6% | GPS=(19.090700, 72.892400)
2026-06-06 21:49:21 [INFO] [T3-UPLOADER] PKT #169 → Firebase ✓
2026-06-06 21:49:21 [INFO] [SIMULATOR] PKT #50 | ALT=15061 m
2026-06-06 21:49:21 [INFO] [T2-PARSER] PKT #50 | T=-5.1°C | P=114.4hPa | ALT=15060.7m | H=55.3% | GPS=(19.091061, 72.892761)
2026-06-06 21:49:22 [INFO] [T3-UPLOADER] PKT #170 → Firebase ✓
2026-06-06 21:49:22 [INFO] [SIMULATOR] PKT #51 | ALT=15451 m
2026-06-06 21:49:22 [INFO] [T2-PARSER] PKT #51 | T=-5.9°C | P=106.6hPa | ALT=15451.1m | H=56.2% | GPS=(19.091451, 72.893151)
2026-06-06 21:49:23 [INFO] [T3-UPLOADER] PKT #171 → Firebase ✓
2026-06-06 21:49:23 [INFO] [SIMULATOR] PKT #52 | ALT=15716 m
2026-06-06 21:49:23 [INFO] [T2-PARSER] PKT #52 | T=-6.4°C | P=101.5hPa | ALT=15715.7m | H=52.3% | GPS=(19.091716, 72.893416)
2026-06-06 21:49:24 [INFO] [T3-UPLOADER] PKT #172 → Firebase ✓
2026-06-06 21:49:24 [INFO] [SIMULATOR] PKT #53 | ALT=15932 m
2026-06-06 21:49:24 [INFO] [T2-PARSER] PKT #53 | T=-6.8°C | P=97.6hPa | ALT=15932.4m | H=65.5% | GPS=(19.091932, 72.893632)
2026-06-06 21:49:25 [INFO] Shutting down...
